"","ID","description","type"
"A0A061DBP6","A0A061DBP6","von Willebrand factor","proteomics"
"A0A3Q2GSM3","A0A3Q2GSM3","2-phospho-D-glycerate hydro-lyase","proteomics"
"A0A3Q2GVV2","A0A3Q2GVV2","Vascular cell adhesion molecule 1","proteomics"
"A0A3Q2GWC9","A0A3Q2GWC9","Carboxylic ester hydrolase","proteomics"
"A0A3Q2GX72","A0A3Q2GX72","Ig-like domain-containing protein","proteomics"
"A0A3Q2GXB1","A0A3Q2GXB1","Gc-globulin","proteomics"
"A0A3Q2GXX5","A0A3Q2GXX5","Fibulin-1","proteomics"
"F6R810","F6R810","Tubulin alpha chain","proteomics"
"A0A3Q2H075","A0A3Q2H075","Vitamin K-dependent protein C","proteomics"
"A0A3Q2H1D2","A0A3Q2H1D2","Ig-like domain-containing protein","proteomics"
"A0A3Q2H306","A0A3Q2H306","Ig-like domain-containing protein","proteomics"
"A0A3Q2H3F6","A0A3Q2H3F6","Inter-alpha-trypsin inhibitor heavy chain 4","proteomics"
"F6WFI8","F6WFI8","Histone H2B","proteomics"
"A0A3Q2H593","A0A3Q2H593","Erythrocyte membrane protein band 4.1 like 1","proteomics"
"A0A3Q2H659","A0A3Q2H659","A-kinase anchoring protein 12","proteomics"
"A0A3Q2H6U6","A0A3Q2H6U6","Uncharacterized protein","proteomics"
"Q28383","Q28383","Hemoglobin subunit alpha","proteomics"
"A0A3Q2H8S7","A0A3Q2H8S7","Ig-like domain-containing protein","proteomics"
"A0A3Q2H908","A0A3Q2H908","Uncharacterized protein","proteomics"
"A0A3Q2HAN3","A0A3Q2HAN3","Vitamin K-dependent protein S","proteomics"
"A0A3Q2HC10","A0A3Q2HC10","CD5 molecule like","proteomics"
"A0A3Q2HCW6","A0A3Q2HCW6","Ficolin-1","proteomics"
"A0A3Q2HE26","A0A3Q2HE26","Fibrous sheath interacting protein 2","proteomics"
"A0A3Q2HI93","A0A3Q2HI93","Phospholipid transfer protein","proteomics"
"A0A3Q2HID2","A0A3Q2HID2","Coagulation factor XIII A chain","proteomics"
"A0A3Q2HIE9","A0A3Q2HIE9","Myosin light chain 6","proteomics"
"A0A3Q2HJD6","A0A3Q2HJD6","Phosphorylase b kinase regulatory subunit","proteomics"
"A0A3Q2HJJ4","A0A3Q2HJJ4","Beta-1,4-galactosyltransferase 1","proteomics"
"A0A3Q2HK38","A0A3Q2HK38","Ig-like domain-containing protein","proteomics"
"A0A3Q2HLV9","A0A3Q2HLV9","Nidogen 2","proteomics"
"A0A3Q2HMJ3","A0A3Q2HMJ3","Ig-like domain-containing protein","proteomics"
"A0A3Q2HN78","A0A3Q2HN78","Fructose-bisphosphate aldolase","proteomics"
"A0A3Q2HPX3","A0A3Q2HPX3","Collagen type XII alpha 1 chain","proteomics"
"F6TY91","F6TY91","BPI fold-containing family B member 1","proteomics"
"A0A3Q2HRL2","A0A3Q2HRL2","Cartilage oligomeric matrix protein","proteomics"
"A0A3Q2HRX3","A0A3Q2HRX3","Apolipoprotein B","proteomics"
"A0A3Q2HTG2","A0A3Q2HTG2","Fibrinogen alpha chain","proteomics"
"A0A3Q2HVB6","A0A3Q2HVB6","Complement component 4 binding protein alpha","proteomics"
"A0A3Q2HVQ1","A0A3Q2HVQ1","ACR domain-containing protein","proteomics"
"A0A3Q2HW24","A0A3Q2HW24","Joining chain of multimeric IgA and IgM","proteomics"
"A0A3Q2HWQ6","A0A3Q2HWQ6","C3-beta-c","proteomics"
"A0A3Q2I0V0","A0A3Q2I0V0","Zyxin","proteomics"
"A0A3Q2I2D6","A0A3Q2I2D6","Neural EGFL like 2","proteomics"
"A0A3Q2I2H1","A0A3Q2I2H1","Ig-like domain-containing protein","proteomics"
"A0A3Q2I3K2","A0A3Q2I3K2","Keratin 20","proteomics"
"A0A3Q2I3W5","A0A3Q2I3W5","Protein tyrosine phosphatase non-receptor type 13","proteomics"
"A0A3Q2I424","A0A3Q2I424","Complement C1q C chain","proteomics"
"A0A3Q2I4S4","A0A3Q2I4S4","Complement C7","proteomics"
"A0A3Q2I6R8","A0A3Q2I6R8","Anthrax toxin receptor","proteomics"
"A0A3Q2I8H8","A0A3Q2I8H8","Galectin-3-binding protein","proteomics"
"A0A3Q2I9Y1","A0A3Q2I9Y1","Centrosomal protein 152","proteomics"
"F6VFV9","F6VFV9","Histone H4","proteomics"
"A0A3Q2ID60","A0A3Q2ID60","Afamin","proteomics"
"A0A3Q2IDD2","A0A3Q2IDD2","C3/C5 convertase","proteomics"
"A0A3Q2IE19","A0A3Q2IE19","Coagulation factor VIII","proteomics"
"A0A3Q2IEU7","A0A3Q2IEU7","LDL receptor related protein 1","proteomics"
"A0A3Q2KM06","A0A3Q2KM06","Collagen type VI alpha 1 chain","proteomics"
"A0A3Q2KUV4","A0A3Q2KUV4","1-alkyl-2-acetylglycerophosphocholine esterase","proteomics"
"A0A3Q2L7R0","A0A3Q2L7R0","Plasminogen","proteomics"
"A0A3Q2L7X0","A0A3Q2L7X0","Proteasome subunit alpha type","proteomics"
"A0A3Q2LBD1","A0A3Q2LBD1","Complement component 8 subunit beta","proteomics"
"A0A3Q2LBE4","A0A3Q2LBE4","Insulin like growth factor binding protein acid labile subunit","proteomics"
"A0A3Q2LCW0","A0A3Q2LCW0","Keratin, type II cuticular Hb5","proteomics"
"A0A3Q2LDF3","A0A3Q2LDF3","Tenascin C","proteomics"
"A0A3Q2LEZ9","A0A3Q2LEZ9","Mannan binding lectin serine peptidase 1","proteomics"
"A0A3Q2LFC7","A0A3Q2LFC7","Perilipin 4","proteomics"
"A0A3Q2LG05","A0A3Q2LG05","Glycosyl-phosphatidylinositol-specific phospholipase D","proteomics"
"A0A3Q2LQH7","A0A3Q2LQH7","G protein subunit beta 1","proteomics"
"A0A5F5PEE6","A0A5F5PEE6","Apolipoprotein E","proteomics"
"A0A5F5PEG5","A0A5F5PEG5","Alpha-1-microglobulin","proteomics"
"A0A5F5PL54","A0A5F5PL54","EGF containing fibulin extracellular matrix protein 2","proteomics"
"A0A5F5PLA5","A0A5F5PLA5","Amine oxidase","proteomics"
"A0A5F5PM23","A0A5F5PM23","Kallikrein B1","proteomics"
"A0A5F5PPB8","A0A5F5PPB8","Fibrinogen gamma chain","proteomics"
"A0A5F5PQA2","A0A5F5PQA2","Apolipoprotein C-IV","proteomics"
"A0A5F5PQM9","A0A5F5PQM9","Reverse transcriptase domain-containing protein","proteomics"
"A0A5F5PQQ6","A0A5F5PQQ6","Calcium-activated neutral proteinase 1","proteomics"
"A0A5F5PQS3","A0A5F5PQS3","Complement C8 alpha chain","proteomics"
"A0A5F5PSR8","A0A5F5PSR8","Alpha-1-antiproteinase 2-like","proteomics"
"A0A5F5PSY1","A0A5F5PSY1","Immunoglobulin superfamily member 3","proteomics"
"A0A5F5PT94","A0A5F5PT94","Uncharacterized protein","proteomics"
"A0A5F5PTP6","A0A5F5PTP6","Collagen type VI alpha 3 chain","proteomics"
"A0A5F5PU06","A0A5F5PU06","Alpha-2-macroglobulin","proteomics"
"A0A5F5PUE2","A0A5F5PUE2","Bradykinin","proteomics"
"A0A5F5PUU0","A0A5F5PUU0","Anaphylatoxin-like domain-containing protein","proteomics"
"A0A5F5PW18","A0A5F5PW18","Serpin family F member 2","proteomics"
"A0A5F5PWX5","A0A5F5PWX5","Uncharacterized protein","proteomics"
"A0A5F5PWY1","A0A5F5PWY1","Fetuin B","proteomics"
"A0A5F5PXB8","A0A5F5PXB8","Uncharacterized protein","proteomics"
"A0A5F5PYS7","A0A5F5PYS7","Cytokeratin-1","proteomics"
"A0A5F5PZ33","A0A5F5PZ33","IGv domain-containing protein","proteomics"
"A0A5F5PZW1","A0A5F5PZW1","Myosin regulatory light polypeptide 9","proteomics"
"A0A5F5PZX4","A0A5F5PZX4","Attractin","proteomics"
"A0A5F5Q0V8","A0A5F5Q0V8","Alpha-2-HS-glycoprotein","proteomics"
"A0A5F5Q1G3","A0A5F5Q1G3","Heparan sulfate proteoglycan 2","proteomics"
"A0A5F5Q281","A0A5F5Q281","Collagen type I alpha 1 chain","proteomics"
"A0A5F5Q2W2","A0A5F5Q2W2","Proteasome subunit alpha type","proteomics"
"A0A5F5Q4D2","A0A5F5Q4D2","Serpin family A member 10","proteomics"
"F6PH38","F6PH38","Fibrinogen beta chain","proteomics"
"F6PI70","F6PI70","Ig-like domain-containing protein","proteomics"
"F6PJ16","F6PJ16","Angiopoietin like 6","proteomics"
"F6PJC0","F6PJC0","Collagen type VI alpha 5 chain","proteomics"
"F6PN89","F6PN89","Talin 1","proteomics"
"F6PPF8","F6PPF8","Cadherin 17","proteomics"
"F6PPQ0","F6PPQ0","C3/C5 convertase","proteomics"
"F6PQ46","F6PQ46","Ceruloplasmin","proteomics"
"F6PUW3","F6PUW3","Maltase-glucoamylase","proteomics"
"F6PVG3","F6PVG3","EGF containing fibulin extracellular matrix protein 1","proteomics"
"F6Q1M4","F6Q1M4","Keratin 15","proteomics"
"F6Q666","F6Q666","Tubulin beta chain","proteomics"
"F6Q8R0","F6Q8R0","Oncoprotein induced transcript 3","proteomics"
"F6QFD9","F6QFD9","Carboxypeptidase N subunit 2","proteomics"
"F6QP45","F6QP45","Collectin subfamily member 11","proteomics"
"F6QX36","F6QX36","Inter-alpha-trypsin inhibitor heavy chain 1","proteomics"
"F6QYS3","F6QYS3","Extracellular matrix protein 1","proteomics"
"F6RA08","F6RA08","Stomatin","proteomics"
"F6REX3","F6REX3","Pregnancy zone protein","proteomics"
"F6RGT4","F6RGT4","alpha-1,2-Mannosidase","proteomics"
"F6RLI1","F6RLI1","Transmembrane protein 143","proteomics"
"F6RM73","F6RM73","Apolipoprotein A-II","proteomics"
"F6RMK1","F6RMK1","C-X-C motif chemokine","proteomics"
"F6RTI8","F6RTI8","Collagen type I alpha 2 chain","proteomics"
"F6RVW8","F6RVW8","KIAA1755","proteomics"
"F6SHJ8","F6SHJ8","Keratin 2","proteomics"
"F6SP74","F6SP74","Complement factor properdin","proteomics"
"F6TCI4","F6TCI4","Proteasome subunit alpha type","proteomics"
"F6TCR6","F6TCR6","Creatine kinase","proteomics"
"F6TMF6","F6TMF6","Prenylcysteine oxidase 1","proteomics"
"F6U187","F6U187","ATP synthase subunit beta","proteomics"
"F6UEG9","F6UEG9","Apolipoprotein M","proteomics"
"F6UL68","F6UL68","Transthyretin","proteomics"
"F6ULM3","F6ULM3","Fructose-bisphosphate aldolase","proteomics"
"F6V3C6","F6V3C6","Integrin subunit alpha 2b","proteomics"
"F6V881","F6V881","Vitronectin","proteomics"
"F6VB94","F6VB94","Transforming growth factor-beta-induced protein ig-h3","proteomics"
"F6VBP9","F6VBP9","Apolipoprotein E","proteomics"
"F6VEA3","F6VEA3","Proteasome subunit alpha type","proteomics"
"F6VJG5","F6VJG5","FERM and PDZ domain containing 1","proteomics"
"F6VJR6","F6VJR6","Alpha-1B-glycoprotein","proteomics"
"F6VJX8","F6VJX8","Zinc finger MYM-type containing 3","proteomics"
"F6VKF1","F6VKF1","Non-specific serine/threonine protein kinase","proteomics"
"F6VMD0","F6VMD0","Bleomycin hydrolase","proteomics"
"F6VSN9","F6VSN9","Protein disulfide-isomerase","proteomics"
"F6VTD3","F6VTD3","Proteoglycan 4","proteomics"
"F6W2I4","F6W2I4","Proteasome subunit beta","proteomics"
"F6W2K5","F6W2K5","Polymeric immunoglobulin receptor","proteomics"
"F6W4R2","F6W4R2","Angiotensin 1-10","proteomics"
"F6WDW3","F6WDW3","Keratin 10A","proteomics"
"F6WGX6","F6WGX6","Keratin 77","proteomics"
"F6WL01","F6WL01","Proteasome subunit beta","proteomics"
"F6WRS9","F6WRS9","Integrin subunit alpha X","proteomics"
"F6WX78","F6WX78","Proteasome subunit beta","proteomics"
"F6WZA8","F6WZA8","Carboxypeptidase N subunit 1","proteomics"
"F6X1I8","F6X1I8","Hemopexin","proteomics"
"F6X200","F6X200","Cadherin 6","proteomics"
"F6X485","F6X485","Myosin heavy chain 9","proteomics"
"F6X9C4","F6X9C4","Sucrase-isomaltase","proteomics"
"F6XH19","F6XH19","Nidogen 1","proteomics"
"F6XIH6","F6XIH6","Reelin","proteomics"
"F6XJD0","F6XJD0","Tyrosine-protein kinase receptor","proteomics"
"F6XM13","F6XM13","Apolipoprotein D","proteomics"
"F6XSF7","F6XSF7","C4a anaphylatoxin","proteomics"
"F6XWM5","F6XWM5","Haptoglobin","proteomics"
"F6Y0C1","F6Y0C1","Complement C8 gamma chain","proteomics"
"F6Y5R3","F6Y5R3","Thrombospondin 2","proteomics"
"F6YCN2","F6YCN2","Fibulin 2","proteomics"
"F6YF28","F6YF28","UDP glycosyltransferase 8","proteomics"
"F6YG82","F6YG82","78 kDa glucose-regulated protein","proteomics"
"F6YR34","F6YR34","Thrombospondin 1","proteomics"
"F6YWC0","F6YWC0","Apolipoprotein R","proteomics"
"F6YYB1","F6YYB1","Proteasome 20S subunit beta 1","proteomics"
"F6Z006","F6Z006","Charged multivesicular body protein 5","proteomics"
"F6Z041","F6Z041","Apolipoprotein H","proteomics"
"F6Z058","F6Z058","Sushi, von Willebrand factor type A, EGF and pentraxin domain containing 1","proteomics"
"F6Z2L5","F6Z2L5","Apolipoprotein E","proteomics"
"F6Z3X5","F6Z3X5","Apolipoprotein B receptor","proteomics"
"F6Z5L1","F6Z5L1","Complement C1r","proteomics"
"F6Z688","F6Z688","Proteasome subunit alpha type","proteomics"
"F6Z8V2","F6Z8V2","Proteasome subunit beta","proteomics"
"F6ZBD7","F6ZBD7","Phosphoglycolate phosphatase","proteomics"
"F6ZI35","F6ZI35","Histidine rich glycoprotein","proteomics"
"F6ZIA3","F6ZIA3","FAT atypical cadherin 4","proteomics"
"F6ZLR1","F6ZLR1","Serpin family A member 3","proteomics"
"F6ZQ77","F6ZQ77","Complement factor H","proteomics"
"F6ZRH8","F6ZRH8","Uncharacterized protein","proteomics"
"F6ZSB4","F6ZSB4","Tubulin alpha chain","proteomics"
"F6ZSZ5","F6ZSZ5","Metavinculin","proteomics"
"F7A1W7","F7A1W7","Apolipoprotein C-II","proteomics"
"F7A370","F7A370","Integrin beta","proteomics"
"F7A692","F7A692","Complement C5","proteomics"
"F7AE68","F7AE68","Inter-alpha-trypsin inhibitor heavy chain 3","proteomics"
"F7AFC8","F7AFC8","FAT atypical cadherin 1","proteomics"
"F7AGT7","F7AGT7","Solute carrier family 38 member 10","proteomics"
"F7AGY4","F7AGY4","Keratin 72","proteomics"
"F7ANR3","F7ANR3","Proteasome subunit alpha type","proteomics"
"F7APU2","F7APU2","Complement factor I","proteomics"
"F7ASK6","F7ASK6","Integrin subunit alpha M","proteomics"
"F7AWQ9","F7AWQ9","Interleukin 1 receptor accessory protein","proteomics"
"F7B435","F7B435","G protein subunit alpha i3","proteomics"
"F7BFJ1","F7BFJ1","Prothrombin","proteomics"
"F7BH02","F7BH02","Filamin A","proteomics"
"F7BKE1","F7BKE1","Serpin family F member 1","proteomics"
"F7BM31","F7BM31","Serpin family D member 1","proteomics"
"F7BPT4","F7BPT4","Ezrin","proteomics"
"F7BQD6","F7BQD6","Complement C1s","proteomics"
"F7BRA4","F7BRA4","Proteasome subunit alpha type","proteomics"
"F7BTK9","F7BTK9","Niban apoptosis regulator 1","proteomics"
"F7BTW7","F7BTW7","Complement C3 alpha chain","proteomics"
"F7BUV8","F7BUV8","Adiponectin A","proteomics"
"F7C0D2","F7C0D2","Lipopolysaccharide-binding protein","proteomics"
"F7C1Y3","F7C1Y3","Stabilin 1","proteomics"
"F7C3F9","F7C3F9","Hemicentin 2","proteomics"
"F7C6S0","F7C6S0","Matrix metallopeptidase 19","proteomics"
"F7C7J6","F7C7J6","Coagulation factor XIII B chain","proteomics"
"F7C7X4","F7C7X4","Inhibitor of growth protein","proteomics"
"F7CAC5","F7CAC5","Ig-like domain-containing protein","proteomics"
"F7CGV8","F7CGV8","Collagen type VI alpha 2 chain","proteomics"
"F7CHU9","F7CHU9","Collectin subfamily member 10","proteomics"
"F7CI62","F7CI62","Mannose-binding protein C","proteomics"
"F7CKI7","F7CKI7","Fibrillin 1","proteomics"
"F7CP79","F7CP79","Shortage in chiasmata 1","proteomics"
"F7CYR1","F7CYR1","Antithrombin-III","proteomics"
"F7CZW9","F7CZW9","Serpin family G member 1","proteomics"
"F7DAF6","F7DAF6","Inter-alpha-trypsin inhibitor heavy chain 2","proteomics"
"F7DBG6","F7DBG6","Ig-like domain-containing protein","proteomics"
"F7DF55","F7DF55","Proteasome subunit beta","proteomics"
"F7DPF3","F7DPF3","SHC binding and spindle associated 1","proteomics"
"F7DRS2","F7DRS2","Serpin family A member 6","proteomics"
"F7DTV1","F7DTV1","Paraoxonase","proteomics"
"F7DU87","F7DU87","BPI fold containing family A member 2","proteomics"
"F7DZ01","F7DZ01","Coagulation factor V","proteomics"
"F7DZE7","F7DZE7","Adiponectin D","proteomics"
"F7E0P3","F7E0P3","Thrombospondin 4","proteomics"
"F7E0Z9","F7E0Z9","Selectin L","proteomics"
"F7E1Q5","F7E1Q5","Protein phosphatase 1 regulatory subunit 32","proteomics"
"H9GZT5","H9GZT5","Uncharacterized protein","proteomics"
"H9GZV0","H9GZV0","Uncharacterized protein","proteomics"
"H9GZV1","H9GZV1","Uncharacterized protein","proteomics"
"O77811","O77811","Lactotransferrin (Fragment)","proteomics"
"O97508","O97508","Thioredoxin","proteomics"
"P01220","P01220","Glycoprotein hormones alpha chain","proteomics"
"P02062","P02062","Hemoglobin subunit beta","proteomics"
"P0DN28","P0DN28","Apolipoprotein C-III","proteomics"
"P14452","P14452","Fibrinogen alpha chain (Fragment)","proteomics"
"P27425","P27425","Serotransferrin","proteomics"
"P35747","P35747","Albumin","proteomics"
"P38029","P38029","Alpha-1-antiproteinase 2","proteomics"
"P48770","P48770","Complement component C9","proteomics"
"P49066","P49066","Alpha-fetoprotein","proteomics"
"P60708","P60708","Actin, cytoplasmic 1","proteomics"
"P80010","P80010","Plasminogen (Fragment)","proteomics"
"Q28372","Q28372","Gelsolin","proteomics"
"Q28377","Q28377","Fibronectin","proteomics"
"Q29482","Q29482","Clusterin","proteomics"
"Q2V905","Q2V905","Transferrin receptor protein 1","proteomics"
"Q2Z1P9","Q2Z1P9","Anion exchange protein","proteomics"
"Q6WEB5","Q6WEB5","Myelin protein P0","proteomics"
"Q8MKD1","Q8MKD1","Polyubiquitin-B","proteomics"
"Q9GKX7","Q9GKX7","Heat shock protein HSP 90-alpha","proteomics"
"A0A0B4J1B5","A0A0B4J1B5","Fc receptor gamma-chain","proteomics"
"A0A3Q2GS39","A0A3Q2GS39","40S ribosomal protein S23","proteomics"
"A0A3Q2GS85","A0A3Q2GS85","Contactin 1","proteomics"
"A0A3Q2GS92","A0A3Q2GS92","Ring finger protein 213","proteomics"
"A0A3Q2GSR0","A0A3Q2GSR0","Annexin","proteomics"
"A0A3Q2GSU0","A0A3Q2GSU0","Myoferlin","proteomics"
"A0A3Q2GSY7","A0A3Q2GSY7","60S ribosomal protein L21","proteomics"
"A0A3Q2GT03","A0A3Q2GT03","Syndecan binding protein","proteomics"
"A0A3Q2GT24","A0A3Q2GT24","Annexin","proteomics"
"A0A3Q2GT53","A0A3Q2GT53","C-type lectin domain family 3 member B","proteomics"
"A0A3Q2GT62","A0A3Q2GT62","Histone H2A","proteomics"
"A0A3Q2GTB7","A0A3Q2GTB7","Ubiquitin protein ligase E3 component n-recognin 4","proteomics"
"A0A3Q2GTP1","A0A3Q2GTP1","Endophilin-B1","proteomics"
"A0A3Q2GTR9","A0A3Q2GTR9","Caveolae associated protein 1","proteomics"
"A0A3Q2GTT0","A0A3Q2GTT0","Ig-like domain-containing protein","proteomics"
"A0A3Q2GTT3","A0A3Q2GTT3","Rh blood group CcEe antigens","proteomics"
"A0A3Q2GUG1","A0A3Q2GUG1","Rho GTPase activating protein 17","proteomics"
"A0A3Q2GUI8","A0A3Q2GUI8","Adhesion G protein-coupled receptor E1","proteomics"
"A0A3Q2GUV8","A0A3Q2GUV8","ATP binding cassette subfamily A member 9","proteomics"
"A0A3Q2GUY2","A0A3Q2GUY2","Structural maintenance of chromosomes protein","proteomics"
"A0A3Q2GUY5","A0A3Q2GUY5","Protein kinase cAMP-dependent type II regulatory subunit alpha","proteomics"
"A0A3Q2GV00","A0A3Q2GV00","Lysosomal associated membrane protein 1","proteomics"
"A0A3Q2GVG0","A0A3Q2GVG0","AP-2 complex subunit mu","proteomics"
"A0A3Q2GVL4","A0A3Q2GVL4","Ubiquitin carboxyl-terminal hydrolase","proteomics"
"A0A3Q2GVU3","A0A3Q2GVU3","Ribosomal protein S6 kinase","proteomics"
"A0A3Q2GVX6","A0A3Q2GVX6","Uncharacterized protein","proteomics"
"A0A3Q2GW51","A0A3Q2GW51","Ribonuclease inhibitor","proteomics"
"A0A3Q2GW75","A0A3Q2GW75","CD109 molecule","proteomics"
"A0A3Q2GWA2","A0A3Q2GWA2","Thioredoxin interacting protein","proteomics"
"A0A3Q2GWI8","A0A3Q2GWI8","Phosphoglucomutase 2","proteomics"
"A0A3Q2GWK7","A0A3Q2GWK7","Sorting nexin","proteomics"
"A0A3Q2GWN1","A0A3Q2GWN1","Regulator of chromosome condensation 2","proteomics"
"A0A3Q2GX00","A0A3Q2GX00","Butyrophilin-like protein 10","proteomics"
"A0A3Q2GXE1","A0A3Q2GXE1","H1.4 linker histone, cluster member","proteomics"
"A0A3Q2GXL1","A0A3Q2GXL1","Gp_dh_C domain-containing protein","proteomics"
"A0A3Q2GXN3","A0A3Q2GXN3","Sorting nexin","proteomics"
"A0A3Q2GXQ7","A0A3Q2GXQ7","Galectin","proteomics"
"A0A3Q2GXS6","A0A3Q2GXS6","Glutathione S-transferase alpha 4","proteomics"
"A0A3Q2GXS8","A0A3Q2GXS8","EH domain containing 2","proteomics"
"A0A3Q2GXX6","A0A3Q2GXX6","Hippocalcin like 1","proteomics"
"A0A3Q2GXZ5","A0A3Q2GXZ5","Cystatin-B","proteomics"
"A0A3Q2GYG1","A0A3Q2GYG1","Coiled-coil domain-containing protein 67","proteomics"
"A0A3Q2GYH9","A0A3Q2GYH9","Active breakpoint cluster region-related protein","proteomics"
"A0A3Q2GYK6","A0A3Q2GYK6","Tyrosine 3-monooxygenase/tryptophan 5-monooxygenase activation protein zeta","proteomics"
"A0A3Q2GYQ4","A0A3Q2GYQ4","Clathrin heavy chain","proteomics"
"A0A3Q2GYV1","A0A3Q2GYV1","RAS related","proteomics"
"A0A3Q2GZB6","A0A3Q2GZB6","Cathepsin X","proteomics"
"A0A3Q2GZG4","A0A3Q2GZG4","Ankyrin 2","proteomics"
"A0A3Q2GZN7","A0A3Q2GZN7","Uncharacterized protein","proteomics"
"A0A3Q2GZZ2","A0A3Q2GZZ2","Piezo-type mechanosensitive ion channel component","proteomics"
"A0A3Q2H060","A0A3Q2H060","Plexin C1","proteomics"
"A0A3Q2H076","A0A3Q2H076","Uncharacterized protein","proteomics"
"A0A3Q2H094","A0A3Q2H094","Cytoplasmic FMR1-interacting protein","proteomics"
"A0A3Q2H097","A0A3Q2H097","60S ribosomal protein L13a","proteomics"
"A0A3Q2H0E3","A0A3Q2H0E3","Surfeit locus protein 4","proteomics"
"A0A3Q2H0I7","A0A3Q2H0I7","Myosin heavy chain 4","proteomics"
"A0A3Q2H151","A0A3Q2H151","Tenascin XB","proteomics"
"A0A3Q2H195","A0A3Q2H195","RAB7A, member RAS oncogene family","proteomics"
"A0A3Q2H1R3","A0A3Q2H1R3","Uncharacterized protein","proteomics"
"A0A3Q2H1S2","A0A3Q2H1S2","SH3 domain containing GRB2 like 1, endophilin A2","proteomics"
"A0A3Q2H2J1","A0A3Q2H2J1","Acyl-CoA dehydrogenase very long chain","proteomics"
"A0A3Q2H2L4","A0A3Q2H2L4","LIM and calponin homology domains 1","proteomics"
"A0A3Q2H2M2","A0A3Q2H2M2","Chloride intracellular channel protein","proteomics"
"A0A3Q2H348","A0A3Q2H348","72 kDa gelatinase","proteomics"
"A0A3Q2H363","A0A3Q2H363","Dihydropyrimidinase-related protein 2","proteomics"
"A0A3Q2H3M7","A0A3Q2H3M7","Histone H2B","proteomics"
"A0A3Q2H3Z9","A0A3Q2H3Z9","Troponin T, fast skeletal muscle","proteomics"
"A0A3Q2H421","A0A3Q2H421","Supervillin","proteomics"
"A0A3Q2H451","A0A3Q2H451","T-complex protein 1 subunit delta","proteomics"
"A0A3Q2H452","A0A3Q2H452","Septin 9","proteomics"
"A0A3Q2H4G7","A0A3Q2H4G7","6-phosphofructokinase","proteomics"
"A0A3Q2H4M1","A0A3Q2H4M1","ATP-citrate synthase","proteomics"
"A0A3Q2H4Q2","A0A3Q2H4Q2","Phospholipid phosphatase 3","proteomics"
"A0A3Q2H4Z3","A0A3Q2H4Z3","Vacuolar protein sorting 4 homolog B","proteomics"
"A0A3Q2H514","A0A3Q2H514","Chloride intracellular channel protein","proteomics"
"A0A3Q2H544","A0A3Q2H544","Dynamin GTPase","proteomics"
"A0A3Q2H5I1","A0A3Q2H5I1","CKLF like MARVEL transmembrane domain containing 7","proteomics"
"A0A3Q2H5J5","A0A3Q2H5J5","RAB10, member RAS oncogene family","proteomics"
"A0A3Q2H5K6","A0A3Q2H5K6","N-myc downstream-regulated gene 1 protein","proteomics"
"A0A3Q2H666","A0A3Q2H666","ABC-type glutathione-S-conjugate transporter","proteomics"
"A0A3Q2H680","A0A3Q2H680","Complement factor H-like","proteomics"
"A0A3Q2H6D8","A0A3Q2H6D8","RAB11A, member RAS oncogene family","proteomics"
"A0A3Q2H6S9","A0A3Q2H6S9","NCK associated protein 1","proteomics"
"A0A3Q2H6V0","A0A3Q2H6V0","VAMP associated protein A","proteomics"
"A0A3Q2H733","A0A3Q2H733","59 kDa serine/threonine-protein kinase","proteomics"
"A0A3Q2H7K4","A0A3Q2H7K4","G3BP stress granule assembly factor 1","proteomics"
"A0A3Q2H7R9","A0A3Q2H7R9","Macrophage-capping protein","proteomics"
"A0A3Q2H7V7","A0A3Q2H7V7","Heat shock protein 90 beta family member 1","proteomics"
"A0A3Q2H857","A0A3Q2H857","Synaptotagmin binding cytoplasmic RNA interacting protein","proteomics"
"A0A3Q2H867","A0A3Q2H867","F-actin-capping protein subunit beta","proteomics"
"A0A3Q2H875","A0A3Q2H875","Hemoglobin subunit alpha","proteomics"
"A0A3Q2H8G8","A0A3Q2H8G8","Carboxylic ester hydrolase","proteomics"
"A0A3Q2H8X1","A0A3Q2H8X1","Ras-related GTP-binding protein","proteomics"
"A0A3Q2H8Z9","A0A3Q2H8Z9","NADH dehydrogenase [ubiquinone] flavoprotein 1, mitochondrial","proteomics"
"A0A3Q2H905","A0A3Q2H905","Protein-tyrosine-phosphatase","proteomics"
"A0A3Q2H9N2","A0A3Q2H9N2","Dihydropyrimidinase like 3","proteomics"
"A0A3Q2H9Q0","A0A3Q2H9Q0","Argininosuccinate lyase","proteomics"
"A0A3Q2H9R1","A0A3Q2H9R1","Ribosomal protein L32","proteomics"
"A0A3Q2HA78","A0A3Q2HA78","CD248 molecule","proteomics"
"A0A3Q2HA79","A0A3Q2HA79","Phosphofurin acidic cluster sorting protein 2","proteomics"
"A0A3Q2HB10","A0A3Q2HB10","Cell cycle control protein 50A","proteomics"
"A0A3Q2HB68","A0A3Q2HB68","Fibroblast activation protein alpha","proteomics"
"A0A3Q2HB83","A0A3Q2HB83","Low affinity immunoglobulin gamma Fc region receptor III-B","proteomics"
"A0A3Q2HBC0","A0A3Q2HBC0","Myosin IC","proteomics"
"A0A3Q2HBF9","A0A3Q2HBF9","Solute carrier family 3 member 2","proteomics"
"A0A3Q2HBH2","A0A3Q2HBH2","Radixin","proteomics"
"A0A3Q2HBM1","A0A3Q2HBM1","Microfibril associated protein 5","proteomics"
"A0A3Q2HBP1","A0A3Q2HBP1","Heme binding protein 1","proteomics"
"A0A3Q2HBU2","A0A3Q2HBU2","60S ribosomal protein L17","proteomics"
"A0A3Q2HC57","A0A3Q2HC57","GTP-binding nuclear protein Ran","proteomics"
"A0A3Q2HCD2","A0A3Q2HCD2","Aldo-keto reductase family 1 member B","proteomics"
"A0A3Q2HCG1","A0A3Q2HCG1","HGF activator","proteomics"
"A0A3Q2HCK9","A0A3Q2HCK9","Ankyrin 1","proteomics"
"A0A3Q2HD15","A0A3Q2HD15","Cathepsin B","proteomics"
"A0A3Q2HD59","A0A3Q2HD59","Ubiquinol-cytochrome c reductase core protein 2","proteomics"
"A0A3Q2HE09","A0A3Q2HE09","Dynamin GTPase","proteomics"
"A0A3Q2HE28","A0A3Q2HE28","Dynein heavy chain domain 1","proteomics"
"A0A3Q2HEJ5","A0A3Q2HEJ5","CD44 antigen","proteomics"
"A0A3Q2HEY8","A0A3Q2HEY8","Septin-8","proteomics"
"A0A3Q2HG56","A0A3Q2HG56","Guanine nucleotide-binding protein subunit gamma","proteomics"
"A0A3Q2HG96","A0A3Q2HG96","ADAM metallopeptidase domain 17","proteomics"
"A0A3Q2HGB8","A0A3Q2HGB8","Collectin-12","proteomics"
"A0A3Q2HGD1","A0A3Q2HGD1","Phosphatidylinositol 4-kinase alpha","proteomics"
"A0A3Q2HGH1","A0A3Q2HGH1","Uncharacterized protein","proteomics"
"A0A3Q2HGV6","A0A3Q2HGV6","Dolichyl-diphosphooligosaccharide--protein glycosyltransferase subunit 1","proteomics"
"A0A3Q2HH35","A0A3Q2HH35","SH3 domain containing kinase binding protein 1","proteomics"
"A0A3Q2HH95","A0A3Q2HH95","Serine/threonine kinase 24","proteomics"
"A0A3Q2HHP6","A0A3Q2HHP6","Epidermal growth factor receptor pathway substrate 8","proteomics"
"A0A3Q2HI41","A0A3Q2HI41","G protein subunit alpha 11","proteomics"
"A0A3Q2HI47","A0A3Q2HI47","Tight junction protein 1","proteomics"
"A0A3Q2HI96","A0A3Q2HI96","Monocarboxylate transporter 1","proteomics"
"A0A3Q2HIC5","A0A3Q2HIC5","Abl interactor 1","proteomics"
"A0A3Q2HID9","A0A3Q2HID9","Family with sequence similarity 120A","proteomics"
"A0A3Q2HIU3","A0A3Q2HIU3","Non-specific serine/threonine protein kinase","proteomics"
"A0A3Q2HIZ6","A0A3Q2HIZ6","Nucleoside diphosphate kinase","proteomics"
"A0A3Q2HJ63","A0A3Q2HJ63","Anoctamin","proteomics"
"A0A3Q2HJD2","A0A3Q2HJD2","Cortactin","proteomics"
"A0A3Q2HJE2","A0A3Q2HJE2","Ig-like domain-containing protein","proteomics"
"A0A3Q2HJF2","A0A3Q2HJF2","AHNAK nucleoprotein","proteomics"
"A0A3Q2HJG0","A0A3Q2HJG0","Dolichyl-diphosphooligosaccharide--protein glycosyltransferase subunit 2","proteomics"
"A0A3Q2HJM2","A0A3Q2HJM2","Synaptophysin like 1","proteomics"
"A0A3Q2HJT9","A0A3Q2HJT9","Proteasome 26S subunit, ATPase 6","proteomics"
"A0A3Q2HJX0","A0A3Q2HJX0","Nuclear factor kappa B subunit 2","proteomics"
"A0A3Q2HJY4","A0A3Q2HJY4","Proprotein convertase subtilisin/kexin type 1 inhibitor","proteomics"
"A0A3Q2HJY6","A0A3Q2HJY6","RAB GTPase activating protein 1","proteomics"
"A0A3Q2HKA3","A0A3Q2HKA3","Adaptor related protein complex 1 subunit beta 1","proteomics"
"A0A3Q2HKG1","A0A3Q2HKG1","Glutaredoxin 3","proteomics"
"A0A3Q2HKU0","A0A3Q2HKU0","Rac family small GTPase 1","proteomics"
"A0A3Q2HKV6","A0A3Q2HKV6","Pleckstrin","proteomics"
"A0A3Q2HKW2","A0A3Q2HKW2","A-kinase anchoring protein 13","proteomics"
"A0A3Q2HL84","A0A3Q2HL84","Mitogen-activated protein kinase","proteomics"
"A0A3Q2HLB7","A0A3Q2HLB7","Sorting nexin 27","proteomics"
"A0A3Q2HLC0","A0A3Q2HLC0","Granulocyte-macrophage colony-stimulating factor receptor subunit alpha","proteomics"
"A0A3Q2HLR9","A0A3Q2HLR9","ANKH inorganic pyrophosphate transport regulator","proteomics"
"A0A3Q2HLS8","A0A3Q2HLS8","Dystonin","proteomics"
"A0A3Q2HLX0","A0A3Q2HLX0","Folate hydrolase 1B","proteomics"
"A0A3Q2HLY5","A0A3Q2HLY5","Hsc70-interacting protein-like protein","proteomics"
"A0A3Q2HMF1","A0A3Q2HMF1","Integrin beta","proteomics"
"A0A3Q2HMG2","A0A3Q2HMG2","Neuropilin","proteomics"
"A0A3Q2HMJ0","A0A3Q2HMJ0","26S proteasome AAA-ATPase subunit RPT3","proteomics"
"A0A3Q2HMS9","A0A3Q2HMS9","ABI family member 3 binding protein","proteomics"
"A0A3Q2HN10","A0A3Q2HN10","Non-specific serine/threonine protein kinase","proteomics"
"A0A3Q2HN40","A0A3Q2HN40","Late endosomal/lysosomal adaptor and MAPK and MTOR activator 1","proteomics"
"A0A3Q2HN97","A0A3Q2HN97","Coatomer subunit beta'","proteomics"
"A0A3Q2HND7","A0A3Q2HND7","Rab GDP dissociation inhibitor","proteomics"
"A0A3Q2HNH0","A0A3Q2HNH0","Microfibril associated protein 4","proteomics"
"A0A3Q2HNH8","A0A3Q2HNH8","Fibulin-5","proteomics"
"A0A3Q2HNI7","A0A3Q2HNI7","Shootin-1","proteomics"
"A0A3Q2HP43","A0A3Q2HP43","Tropomyosin 3","proteomics"
"A0A3Q2HP50","A0A3Q2HP50","Dynactin subunit 2","proteomics"
"A0A3Q2HPD6","A0A3Q2HPD6","Tyrosine-protein kinase","proteomics"
"A0A3Q2HPF5","A0A3Q2HPF5","EMAP like 4","proteomics"
"A0A3Q2HPI8","A0A3Q2HPI8","Heat shock protein family B (small) member 6","proteomics"
"A0A3Q2HQ65","A0A3Q2HQ65","Protein kinase C","proteomics"
"A0A3Q2HR96","A0A3Q2HR96","Thymopoietin","proteomics"
"A0A3Q2HR99","A0A3Q2HR99","Solute carrier family 23 member 1","proteomics"
"A0A3Q2HRE0","A0A3Q2HRE0","Agrin","proteomics"
"A0A3Q2HRL1","A0A3Q2HRL1","Cysteinylglycine-S-conjugate dipeptidase","proteomics"
"A0A3Q2HRN8","A0A3Q2HRN8","Rac family small GTPase 2","proteomics"
"A0A3Q2HRP7","A0A3Q2HRP7","Phosphoinositide phospholipase C","proteomics"
"A0A3Q2HRQ8","A0A3Q2HRQ8","Solute carrier family 29 member 1","proteomics"
"A0A3Q2HRW5","A0A3Q2HRW5","RNA helicase","proteomics"
"A0A3Q2HRX4","A0A3Q2HRX4","H(+)-transporting two-sector ATPase","proteomics"
"A0A3Q2HT03","A0A3Q2HT03","C-1-tetrahydrofolate synthase, cytoplasmic","proteomics"
"A0A3Q2HTB3","A0A3Q2HTB3","Septin","proteomics"
"A0A3Q2HTL6","A0A3Q2HTL6","Myosin XVIIIA","proteomics"
"A0A3Q2HTN4","A0A3Q2HTN4","Glucosamine-6-phosphate isomerase","proteomics"
"A0A3Q2HU92","A0A3Q2HU92","Aggrecan","proteomics"
"A0A3Q2HUC3","A0A3Q2HUC3","LIM and SH3 domain protein 1","proteomics"
"A0A3Q2HUG2","A0A3Q2HUG2","Band 4.1","proteomics"
"A0A3Q2HUG6","A0A3Q2HUG6","WD repeat domain 81","proteomics"
"A0A3Q2HV72","A0A3Q2HV72","Glycerol-3-phosphate dehydrogenase [NAD(+)]","proteomics"
"A0A3Q2HV80","A0A3Q2HV80","Glucose transporter type 1, erythrocyte/brain","proteomics"
"A0A3Q2HVE8","A0A3Q2HVE8","Ubiquitin specific peptidase 24","proteomics"
"A0A3Q2HVI8","A0A3Q2HVI8","RNA helicase","proteomics"
"A0A3Q2HVP9","A0A3Q2HVP9","Acyl-CoA synthetase long chain family member 4","proteomics"
"A0A3Q2HW06","A0A3Q2HW06","Microtubule-associated protein","proteomics"
"A0A3Q2HW53","A0A3Q2HW53","S5 DRBM domain-containing protein","proteomics"
"A0A3Q2HWB5","A0A3Q2HWB5","Programmed cell death 6 interacting protein","proteomics"
"A0A3Q2HWG5","A0A3Q2HWG5","Vesicle amine transport 1 like","proteomics"
"A0A3Q2HWL3","A0A3Q2HWL3","Non-specific serine/threonine protein kinase","proteomics"
"A0A3Q2HWP9","A0A3Q2HWP9","15S Mg(2+)-ATPase p97 subunit","proteomics"
"A0A3Q2HWQ7","A0A3Q2HWQ7","HECT-type E3 ubiquitin transferase","proteomics"
"A0A3Q2HX29","A0A3Q2HX29","Protein XRP2","proteomics"
"A0A3Q2HX57","A0A3Q2HX57","GRIP1 associated protein 1","proteomics"
"A0A3Q2HXB2","A0A3Q2HXB2","IQ motif containing GTPase activating protein 1","proteomics"
"A0A3Q2HXD5","A0A3Q2HXD5","Vimentin","proteomics"
"A0A3Q2HXE5","A0A3Q2HXE5","Aspartate carbamoyltransferase","proteomics"
"A0A3Q2HXL6","A0A3Q2HXL6","TATA-box binding protein associated factor 3","proteomics"
"A0A3Q2HY64","A0A3Q2HY64","CYFIP related Rac1 interactor A","proteomics"
"A0A3Q2HY77","A0A3Q2HY77","Chitinase-3-like protein 1","proteomics"
"A0A3Q2HYD7","A0A3Q2HYD7","26S proteasome non-ATPase regulatory subunit 4","proteomics"
"A0A3Q2HYR4","A0A3Q2HYR4","Ectonucleotide pyrophosphatase/phosphodiesterase 2","proteomics"
"A0A3Q2HYS1","A0A3Q2HYS1","Ubiquitin specific peptidase 25","proteomics"
"A0A3Q2HZD2","A0A3Q2HZD2","Aconitate hydratase, mitochondrial","proteomics"
"A0A3Q2HZL9","A0A3Q2HZL9","Cytoplasmic linker associated protein 2","proteomics"
"A0A3Q2I008","A0A3Q2I008","Ras-related protein Rap-2","proteomics"
"A0A3Q2I060","A0A3Q2I060","Flotillin","proteomics"
"A0A3Q2I0A5","A0A3Q2I0A5","Actinin alpha 1","proteomics"
"A0A3Q2I0E0","A0A3Q2I0E0","Ras-related protein Rab-14","proteomics"
"A0A3Q2I0F0","A0A3Q2I0F0","Dihydropyrimidinase","proteomics"
"A0A3Q2I0U1","A0A3Q2I0U1","CB1 cannabinoid receptor-interacting protein 1","proteomics"
"A0A3Q2I0X0","A0A3Q2I0X0","Uroporphyrinogen decarboxylase","proteomics"
"A0A3Q2I117","A0A3Q2I117","Profilin","proteomics"
"A0A3Q2I131","A0A3Q2I131","Protein-tyrosine-phosphatase","proteomics"
"A0A3Q2I170","A0A3Q2I170","T cell immunoglobulin and mucin domain containing 4","proteomics"
"A0A3Q2I192","A0A3Q2I192","Formin like 1","proteomics"
"A0A3Q2I196","A0A3Q2I196","Pyruvate kinase","proteomics"
"A0A3Q2I1G9","A0A3Q2I1G9","COP9 signalosome complex subunit 4","proteomics"
"A0A3Q2I1M9","A0A3Q2I1M9","Poly(A) binding protein cytoplasmic 1","proteomics"
"A0A3Q2I1N3","A0A3Q2I1N3","Parvin alpha","proteomics"
"A0A3Q2I1T1","A0A3Q2I1T1","Actinin alpha 2","proteomics"
"A0A3Q2I1Y0","A0A3Q2I1Y0","Pleckstrin homology domain containing O2","proteomics"
"A0A3Q2I257","A0A3Q2I257","Signal transducer and activator of transcription","proteomics"
"A0A3Q2I2E9","A0A3Q2I2E9","Albumin","proteomics"
"A0A3Q2I2V3","A0A3Q2I2V3","Cathepsin D","proteomics"
"A0A3Q2I334","A0A3Q2I334","Superoxide dismutase [Cu-Zn]","proteomics"
"A0A3Q2I386","A0A3Q2I386","Thymidine phosphorylase","proteomics"
"A0A3Q2I388","A0A3Q2I388","Arp2/3 complex 34 kDa subunit","proteomics"
"A0A3Q2I3N3","A0A3Q2I3N3","Collagen type IV alpha 2 chain","proteomics"
"A0A3Q2I427","A0A3Q2I427","Leucine rich alpha-2-glycoprotein 1","proteomics"
"A0A3Q2I4N2","A0A3Q2I4N2","Family with sequence similarity 171 member B","proteomics"
"A0A3Q2I4T2","A0A3Q2I4T2","Alpha-1,4 glucan phosphorylase","proteomics"
"A0A3Q2I4V6","A0A3Q2I4V6","Annexin","proteomics"
"A0A3Q2I4Y4","A0A3Q2I4Y4","Cytoglobin","proteomics"
"A0A3Q2I526","A0A3Q2I526","Rab3 GTPase-activating protein catalytic subunit","proteomics"
"A0A3Q2I544","A0A3Q2I544","60S ribosomal protein L14","proteomics"
"A0A3Q2I5K2","A0A3Q2I5K2","Myristoylated alanine rich protein kinase C substrate","proteomics"
"A0A3Q2I5P8","A0A3Q2I5P8","4-hydroxybenzoate polyprenyltransferase, mitochondrial","proteomics"
"A0A3Q2I5S8","A0A3Q2I5S8","Actinin alpha 4","proteomics"
"A0A3Q2I630","A0A3Q2I630","Heterogeneous nuclear ribonucleoprotein C","proteomics"
"A0A3Q2I6B9","A0A3Q2I6B9","Eukaryotic translation initiation factor 3 subunit I","proteomics"
"A0A3Q2I6E8","A0A3Q2I6E8","Catalase","proteomics"
"A0A3Q2I6L9","A0A3Q2I6L9","Calcium voltage-gated channel auxiliary subunit alpha2delta 1","proteomics"
"A0A3Q2I6Z1","A0A3Q2I6Z1","2-phospho-D-glycerate hydro-lyase","proteomics"
"A0A3Q2I6Z2","A0A3Q2I6Z2","Alanine--tRNA ligase","proteomics"
"A0A3Q2I7A4","A0A3Q2I7A4","14 kDa phosphohistidine phosphatase","proteomics"
"A0A3Q2I7D4","A0A3Q2I7D4","Actin filament associated protein 1 like 2","proteomics"
"A0A3Q2I7F3","A0A3Q2I7F3","Hyaluronan synthase 1","proteomics"
"A0A3Q2I803","A0A3Q2I803","PDZ and LIM domain 5","proteomics"
"A0A3Q2I854","A0A3Q2I854","IF rod domain-containing protein","proteomics"
"A0A3Q2I892","A0A3Q2I892","ERGIC and golgi 3","proteomics"
"A0A3Q2I8C4","A0A3Q2I8C4","Sperm associated antigen 9","proteomics"
"A0A3Q2I8G7","A0A3Q2I8G7","Prostaglandin F2 receptor inhibitor","proteomics"
"A0A3Q2I8Y6","A0A3Q2I8Y6","Alpha-2-glycoprotein 1, zinc-binding","proteomics"
"A0A3Q2I903","A0A3Q2I903","Eukaryotic translation initiation factor 3 subunit L","proteomics"
"A0A3Q2I980","A0A3Q2I980","STEAP3 metalloreductase","proteomics"
"A0A3Q2I997","A0A3Q2I997","Guanine nucleotide-binding protein subunit gamma","proteomics"
"A0A3Q2I9F2","A0A3Q2I9F2","Protein FAM3C","proteomics"
"A0A3Q2I9F9","A0A3Q2I9F9","Eukaryotic translation initiation factor 3 subunit M","proteomics"
"A0A3Q2I9I4","A0A3Q2I9I4","X-prolyl aminopeptidase 1","proteomics"
"A0A3Q2I9K4","A0A3Q2I9K4","Solute carrier family 12 member 7","proteomics"
"A0A3Q2I9U3","A0A3Q2I9U3","Calpain 5","proteomics"
"A0A3Q2IA26","A0A3Q2IA26","Ankyrin repeat domain 44","proteomics"
"A0A3Q2IA43","A0A3Q2IA43","Ribosomal protein L7","proteomics"
"A0A3Q2IAH1","A0A3Q2IAH1","WD repeat domain 1","proteomics"
"A0A3Q2IAI3","A0A3Q2IAI3","Fascin actin-bundling protein 1","proteomics"
"A0A3Q2IAJ9","A0A3Q2IAJ9","GNAS complex locus","proteomics"
"A0A3Q2IAN7","A0A3Q2IAN7","WASH complex subunit 4","proteomics"
"A0A3Q2IAQ8","A0A3Q2IAQ8","Plexin B2","proteomics"
"A0A3Q2IAS8","A0A3Q2IAS8","CD2 associated protein","proteomics"
"A0A3Q2IAU4","A0A3Q2IAU4","Engulfment and cell motility 1","proteomics"
"A0A3Q2IAW4","A0A3Q2IAW4","GTPase IMAP family member 5","proteomics"
"A0A3Q2IAY9","A0A3Q2IAY9","Histone H4","proteomics"
"A0A3Q2IB34","A0A3Q2IB34","Phosphatidylinositol binding clathrin assembly protein","proteomics"
"A0A3Q2IBF3","A0A3Q2IBF3","UV excision repair protein RAD23","proteomics"
"A0A3Q2IBJ8","A0A3Q2IBJ8","C-type lectin domain containing 11A","proteomics"
"A0A3Q2IC53","A0A3Q2IC53","Oxysterol-binding protein","proteomics"
"A0A3Q2IC79","A0A3Q2IC79","Early endosome antigen 1","proteomics"
"A0A3Q2ICE5","A0A3Q2ICE5","Leucyl and cystinyl aminopeptidase","proteomics"
"A0A3Q2ICY6","A0A3Q2ICY6","Cytochrome b-245 beta chain","proteomics"
"A0A3Q2ID58","A0A3Q2ID58","Histone H2B","proteomics"
"A0A3Q2ID61","A0A3Q2ID61","Non-specific serine/threonine protein kinase","proteomics"
"A0A3Q2IDD0","A0A3Q2IDD0","Notch receptor 2","proteomics"
"A0A3Q2IDL5","A0A3Q2IDL5","Integrin beta","proteomics"
"A0A3Q2IDM7","A0A3Q2IDM7","Clathrin light chain","proteomics"
"A0A3Q2IF34","A0A3Q2IF34","ATP binding cassette subfamily C member 5","proteomics"
"A0A3Q2IFM4","A0A3Q2IFM4","Proteasome activator subunit 1","proteomics"
"A0A3Q2IJI8","A0A3Q2IJI8","ADP ribosylation factor 3","proteomics"
"A0A3Q2KKM2","A0A3Q2KKM2","Mannose receptor C-type 1","proteomics"
"A0A3Q2KN19","A0A3Q2KN19","Nucleobindin-1","proteomics"
"A0A3Q2KNT2","A0A3Q2KNT2","Dynactin subunit 1","proteomics"
"A0A3Q2KPL5","A0A3Q2KPL5","Bridging integrator 1","proteomics"
"A0A3Q2KR10","A0A3Q2KR10","Glutamine--fructose-6-phosphate transaminase (isomerizing)","proteomics"
"A0A3Q2KRL5","A0A3Q2KRL5","RAB1A, member RAS oncogene family","proteomics"
"A0A3Q2KS36","A0A3Q2KS36","Adseverin","proteomics"
"A0A3Q2KSC6","A0A3Q2KSC6","Myosin VA","proteomics"
"A0A3Q2KSQ1","A0A3Q2KSQ1","Rho GTPase activating protein 12","proteomics"
"A0A3Q2KSQ5","A0A3Q2KSQ5","Cysteine rich protein 1","proteomics"
"A0A3Q2KSS6","A0A3Q2KSS6","Moesin","proteomics"
"A0A3Q2KSV4","A0A3Q2KSV4","Glycoprotein nmb","proteomics"
"A0A3Q2KTE7","A0A3Q2KTE7","26S proteasome AAA-ATPase subunit RPT1","proteomics"
"A0A3Q2KTL8","A0A3Q2KTL8","T1-TrpRS","proteomics"
"A0A3Q2KU08","A0A3Q2KU08","40S ribosomal protein S12","proteomics"
"A0A3Q2KV13","A0A3Q2KV13","RBR-type E3 ubiquitin transferase","proteomics"
"A0A3Q2KVZ1","A0A3Q2KVZ1","Neuroplastin","proteomics"
"A0A3Q2KWF3","A0A3Q2KWF3","Acid phosphatase 2, lysosomal","proteomics"
"A0A3Q2KX04","A0A3Q2KX04","HtrA serine peptidase 1","proteomics"
"A0A3Q2KXP3","A0A3Q2KXP3","Calcium-activated neutral proteinase small subunit","proteomics"
"A0A3Q2KZJ6","A0A3Q2KZJ6","Retinal dehydrogenase 1","proteomics"
"A0A3Q2KZM7","A0A3Q2KZM7","Protein transport protein SEC23","proteomics"
"A0A3Q2L095","A0A3Q2L095","Non-specific serine/threonine protein kinase","proteomics"
"A0A3Q2L1H9","A0A3Q2L1H9","KN motif and ankyrin repeat domains 2","proteomics"
"A0A3Q2L2J8","A0A3Q2L2J8","Guanine nucleotide-binding protein subunit gamma","proteomics"
"A0A3Q2L2R4","A0A3Q2L2R4","Alpha-1-acid glycoprotein 2","proteomics"
"A0A3Q2L2W1","A0A3Q2L2W1","N-acetylneuraminate synthase","proteomics"
"A0A3Q2L321","A0A3Q2L321","Coatomer subunit beta","proteomics"
"A0A3Q2L329","A0A3Q2L329","Lys-63-specific deubiquitinase","proteomics"
"A0A3Q2L384","A0A3Q2L384","Coiled-coil domain containing 88A","proteomics"
"A0A3Q2L3I5","A0A3Q2L3I5","Signal transducer and activator of transcription","proteomics"
"A0A3Q2L425","A0A3Q2L425","Adipocyte-type fatty acid-binding protein","proteomics"
"A0A3Q2L588","A0A3Q2L588","AIG1-type G domain-containing protein","proteomics"
"A0A3Q2L5E0","A0A3Q2L5E0","IF rod domain-containing protein","proteomics"
"A0A3Q2L5K2","A0A3Q2L5K2","WD repeat-containing protein 91","proteomics"
"A0A3Q2L6P4","A0A3Q2L6P4","Dedicator of cytokinesis 1","proteomics"
"A0A3Q2L7M2","A0A3Q2L7M2","Phosphoinositide-3-kinase adaptor protein 1","proteomics"
"A0A3Q2L7X8","A0A3Q2L7X8","Alpha-mannosidase","proteomics"
"A0A3Q2L810","A0A3Q2L810","Exocyst complex component 2","proteomics"
"A0A3Q2L870","A0A3Q2L870","Receptor protein-tyrosine kinase","proteomics"
"A0A3Q2L9H8","A0A3Q2L9H8","Signal transducer and activator of transcription","proteomics"
"A0A3Q2LAH2","A0A3Q2LAH2","2,3-bisphosphoglycerate 3-phosphatase","proteomics"
"A0A3Q2LBP6","A0A3Q2LBP6","Adipsin","proteomics"
"A0A3Q2LCZ6","A0A3Q2LCZ6","Adenosylhomocysteinase like 1","proteomics"
"A0A3Q2LDC2","A0A3Q2LDC2","Inorganic diphosphatase","proteomics"
"A0A3Q2LDG0","A0A3Q2LDG0","Protein-tyrosine-phosphatase","proteomics"
"A0A3Q2LDH0","A0A3Q2LDH0","Osteonectin","proteomics"
"A0A3Q2LDP0","A0A3Q2LDP0","40S ribosomal protein S7","proteomics"
"A0A3Q2LEQ7","A0A3Q2LEQ7","Acidic nuclear phosphoprotein 32 family member A","proteomics"
"A0A3Q2LEY7","A0A3Q2LEY7","CSD domain-containing protein","proteomics"
"A0A3Q2LG18","A0A3Q2LG18","Adducin 3","proteomics"
"A0A3Q2LHT8","A0A3Q2LHT8","Aspartate--tRNA ligase, cytoplasmic","proteomics"
"A0A3Q2LJK9","A0A3Q2LJK9","L-lactate dehydrogenase","proteomics"
"A0A3Q2LJW8","A0A3Q2LJW8","Xanthine dehydrogenase","proteomics"
"A0A3Q2LKR5","A0A3Q2LKR5","L-lactate dehydrogenase","proteomics"
"A0A3Q2LLA7","A0A3Q2LLA7","AP-3 complex subunit beta","proteomics"
"A0A3Q2LMN3","A0A3Q2LMN3","Serine/threonine-protein phosphatase 2A activator","proteomics"
"A0A3Q2LMR5","A0A3Q2LMR5","Copine 3","proteomics"
"A0A3Q2LMX0","A0A3Q2LMX0","Erythrocyte membrane protein band 4.1 like 2","proteomics"
"A0A3Q2LNC5","A0A3Q2LNC5","Tetraspanin","proteomics"
"A0A3Q2LNJ4","A0A3Q2LNJ4","Vesicle-fusing ATPase","proteomics"
"A0A3Q2LPC6","A0A3Q2LPC6","Phospholipase","proteomics"
"A0A3Q2LPE6","A0A3Q2LPE6","Annexin","proteomics"
"A0A3Q2LQ80","A0A3Q2LQ80","Peroxiredoxin 4","proteomics"
"A0A3Q2LQR0","A0A3Q2LQR0","Oxysterol-binding protein","proteomics"
"A0A3Q2LRH6","A0A3Q2LRH6","Glutamate dehydrogenase (NAD(P)(+))","proteomics"
"A0A3Q2LSB2","A0A3Q2LSB2","Glutamyl-tRNA synthetase","proteomics"
"A0A3Q2LT24","A0A3Q2LT24","CASK interacting protein 2","proteomics"
"A0A5F5PEF5","A0A5F5PEF5","Diazepam binding inhibitor, acyl-CoA binding protein","proteomics"
"A0A5F5PEK8","A0A5F5PEK8","Bridging integrator 2","proteomics"
"A0A5F5PF14","A0A5F5PF14","Brain abundant membrane attached signal protein 1","proteomics"
"A0A5F5PF23","A0A5F5PF23","Transaldolase","proteomics"
"A0A5F5PF63","A0A5F5PF63","Lymphocyte specific protein 1","proteomics"
"A0A5F5PF66","A0A5F5PF66","Myosin light chain, phosphorylatable, fast skeletal muscle","proteomics"
"A0A5F5PG01","A0A5F5PG01","Spectrin alpha, non-erythrocytic 1","proteomics"
"A0A5F5PG05","A0A5F5PG05","Integrin beta","proteomics"
"A0A5F5PG69","A0A5F5PG69","Filamin C","proteomics"
"A0A5F5PGA8","A0A5F5PGA8","Nuclear autoantigenic sperm protein","proteomics"
"A0A5F5PGC3","A0A5F5PGC3","Adenosine kinase","proteomics"
"A0A5F5PGY6","A0A5F5PGY6","Complement component C6","proteomics"
"A0A5F5PH20","A0A5F5PH20","Structural maintenance of chromosomes flexible hinge domain containing 1","proteomics"
"A0A5F5PHH1","A0A5F5PHH1","Tyrosine-protein kinase","proteomics"
"A0A5F5PI45","A0A5F5PI45","HLA class I histocompatibility antigen, B-15 alpha chain","proteomics"
"A0A5F5PI54","A0A5F5PI54","L-type amino acid transporter 4","proteomics"
"A0A5F5PI91","A0A5F5PI91","Phosphoglucomutase 1","proteomics"
"A0A5F5PIA9","A0A5F5PIA9","Complement factor H-like","proteomics"
"A0A5F5PIB7","A0A5F5PIB7","Collagen type II alpha 1 chain","proteomics"
"A0A5F5PII4","A0A5F5PII4","Ubiquitin conjugating enzyme E2 N","proteomics"
"A0A5F5PIJ7","A0A5F5PIJ7","Integrin subunit alpha 5","proteomics"
"A0A5F5PJ03","A0A5F5PJ03","Prothymosin, alpha","proteomics"
"A0A5F5PJ10","A0A5F5PJ10","Drebrin like","proteomics"
"A0A5F5PK83","A0A5F5PK83","Calcium-activated neutral proteinase 2","proteomics"
"A0A5F5PKD7","A0A5F5PKD7","Protein phosphatase 2 scaffold subunit Aalpha","proteomics"
"A0A5F5PKI2","A0A5F5PKI2","PH domain and leucine rich repeat protein phosphatase 2","proteomics"
"A0A5F5PL31","A0A5F5PL31","Tropomyosin 1","proteomics"
"A0A5F5PL33","A0A5F5PL33","Lysine--tRNA ligase","proteomics"
"A0A5F5PLG8","A0A5F5PLG8","Basic leucine zipper and W2 domains 1","proteomics"
"A0A5F5PLH1","A0A5F5PLH1","Synaptobrevin-2","proteomics"
"A0A5F5PLR4","A0A5F5PLR4","2',3'-cyclic-nucleotide 3'-phosphodiesterase","proteomics"
"A0A5F5PLV2","A0A5F5PLV2","Carboxypeptidase B2","proteomics"
"A0A5F5PMH5","A0A5F5PMH5","U2AF homology motif kinase 1","proteomics"
"A0A5F5PMZ1","A0A5F5PMZ1","DUF1394 domain-containing protein","proteomics"
"A0A5F5PN84","A0A5F5PN84","Uncharacterized protein","proteomics"
"A0A5F5PNE7","A0A5F5PNE7","ATP binding cassette subfamily F member 2","proteomics"
"A0A5F5PNF9","A0A5F5PNF9","Serine/arginine-rich splicing factor 1","proteomics"
"A0A5F5PNN6","A0A5F5PNN6","Sorting nexin-1","proteomics"
"A0A5F5PNV1","A0A5F5PNV1","Glutathione transferase","proteomics"
"A0A5F5PP59","A0A5F5PP59","Myosin heavy chain 7","proteomics"
"A0A5F5PP70","A0A5F5PP70","Annexin","proteomics"
"A0A5F5PPA5","A0A5F5PPA5","Beta-1 metal-binding globulin","proteomics"
"A0A5F5PQ67","A0A5F5PQ67","Isoleucyl-tRNA synthetase","proteomics"
"A0A5F5PQE5","A0A5F5PQE5","Plectin","proteomics"
"A0A5F5PQK4","A0A5F5PQK4","C-type lectin domain family 4 member G","proteomics"
"A0A5F5PR26","A0A5F5PR26","Malate dehydrogenase","proteomics"
"A0A5F5PR55","A0A5F5PR55","Actin-related protein 2/3 complex subunit 4","proteomics"
"A0A5F5PRK4","A0A5F5PRK4","Protein phosphatase 6 regulatory subunit 1","proteomics"
"A0A5F5PRS7","A0A5F5PRS7","Actin related protein 2/3 complex subunit 1B","proteomics"
"A0A5F5PRZ7","A0A5F5PRZ7","Collagen type V alpha 1 chain","proteomics"
"A0A5F5PS26","A0A5F5PS26","UTP--glucose-1-phosphate uridylyltransferase","proteomics"
"A0A5F5PSE4","A0A5F5PSE4","AP-2 complex subunit alpha","proteomics"
"A0A5F5PSN9","A0A5F5PSN9","Ig-like domain-containing protein","proteomics"
"A0A5F5PSR4","A0A5F5PSR4","Titin","proteomics"
"A0A5F5PST7","A0A5F5PST7","Glutathione peroxidase","proteomics"
"A0A5F5PT31","A0A5F5PT31","Follistatin-like protein 1","proteomics"
"A0A5F5PTR6","A0A5F5PTR6","Ig-like domain-containing protein","proteomics"
"A0A5F5PTY4","A0A5F5PTY4","Creatine kinase","proteomics"
"A0A5F5PTY9","A0A5F5PTY9","Carnosine synthase 1","proteomics"
"A0A5F5PUL5","A0A5F5PUL5","Guanine nucleotide-binding protein subunit gamma","proteomics"
"A0A5F5PUR0","A0A5F5PUR0","Integrin subunit alpha 6","proteomics"
"A0A5F5PUT8","A0A5F5PUT8","Isocitrate dehydrogenase [NADP]","proteomics"
"A0A5F5PUZ3","A0A5F5PUZ3","Tetratricopeptide repeat domain 7A","proteomics"
"A0A5F5PV63","A0A5F5PV63","Interferon induced protein 44","proteomics"
"A0A5F5PV82","A0A5F5PV82","40S ribosomal protein S15","proteomics"
"A0A5F5PVA4","A0A5F5PVA4","Filamin B","proteomics"
"A0A5F5PVB7","A0A5F5PVB7","Serum amyloid A protein","proteomics"
"A0A5F5PVI1","A0A5F5PVI1","3-hydroxyacyl-[acyl-carrier-protein] dehydratase","proteomics"
"A0A5F5PVK6","A0A5F5PVK6","Versican","proteomics"
"A0A5F5PVZ6","A0A5F5PVZ6","Ig-like domain-containing protein","proteomics"
"A0A5F5PW07","A0A5F5PW07","RNA helicase","proteomics"
"A0A5F5PW11","A0A5F5PW11","26S proteasome non-ATPase regulatory subunit 6","proteomics"
"A0A5F5PWB4","A0A5F5PWB4","Tyrosine-protein phosphatase non-receptor type","proteomics"
"A0A5F5PXF2","A0A5F5PXF2","Low affinity immunoglobulin gamma Fc region receptor III","proteomics"
"A0A5F5PXG7","A0A5F5PXG7","Parathymosin","proteomics"
"A0A5F5PXU2","A0A5F5PXU2","Scribble planar cell polarity protein","proteomics"
"A0A5F5PYK0","A0A5F5PYK0","GRAM domain containing 4","proteomics"
"A0A5F5PYS6","A0A5F5PYS6","40S ribosomal protein S27","proteomics"
"A0A5F5PZ47","A0A5F5PZ47","Ribonuclease A family member 4","proteomics"
"A0A5F5PZQ9","A0A5F5PZQ9","Calcium-transporting ATPase","proteomics"
"A0A5F5Q0B3","A0A5F5Q0B3","Eukaryotic translation elongation factor 2","proteomics"
"A0A5F5Q0V5","A0A5F5Q0V5","WAS/WASL interacting protein family member 1","proteomics"
"A0A5F5Q220","A0A5F5Q220","Junction plakoglobin","proteomics"
"A0A5F5Q2I3","A0A5F5Q2I3","Tumor protein, translationally-controlled 1","proteomics"
"A0A5F5Q3H4","A0A5F5Q3H4","WASP actin nucleation promoting factor","proteomics"
"A0A5F5Q3Z0","A0A5F5Q3Z0","FACT complex subunit SSRP1","proteomics"
"A0A5K1VP18","A0A5K1VP18","Ribosomal protein L5","proteomics"
"A2Q0Z0","A2Q0Z0","Elongation factor 1-alpha 1","proteomics"
"A2Q0Z1","A2Q0Z1","Heat shock cognate 71 kDa protein","proteomics"
"A2Q127","A2Q127","Elongation factor 1-gamma","proteomics"
"A5JST8","A5JST8","Basigin","proteomics"
"B9A9U9","B9A9U9","Alpha-1,4 glucan phosphorylase","proteomics"
"E7D103","E7D103","Actinin alpha 3","proteomics"
"F6PHS4","F6PHS4","Peptidylprolyl isomerase","proteomics"
"F6PJE1","F6PJE1","1-phosphatidylinositol 4,5-bisphosphate phosphodiesterase","proteomics"
"F6PJF0","F6PJF0","Chromobox 3","proteomics"
"F6PKW7","F6PKW7","Syntrophin beta 2","proteomics"
"F6PNU9","F6PNU9","ADP-ribosylation factor 6","proteomics"
"F6PPE5","F6PPE5","Adaptor protein, phosphotyrosine interacting with PH domain and leucine zipper 1","proteomics"
"F6PQD3","F6PQD3","40S ribosomal protein S17","proteomics"
"F6PQT9","F6PQT9","Voltage-dependent anion-selective channel protein 1","proteomics"
"F6PRU6","F6PRU6","Myosin IF","proteomics"
"F6PUI6","F6PUI6","Dedicator of cytokinesis 11","proteomics"
"F6PVJ6","F6PVJ6","Mimecan","proteomics"
"F6PWC8","F6PWC8","15-oxoprostaglandin 13-reductase","proteomics"
"F6PWV8","F6PWV8","Collagen-binding protein","proteomics"
"F6PY78","F6PY78","Proteasome 26S subunit, non-ATPase 12","proteomics"
"F6PZY1","F6PZY1","Tropomodulin 3","proteomics"
"F6Q1Q6","F6Q1Q6","Neurochondrin","proteomics"
"F6Q4A3","F6Q4A3","Ribosomal protein S16","proteomics"
"F6Q4M2","F6Q4M2","Protein kinase C and casein kinase substrate in neurons 3","proteomics"
"F6Q4Q1","F6Q4Q1","Heterogeneous nuclear ribonucleoprotein K","proteomics"
"F6Q698","F6Q698","Major vault protein","proteomics"
"F6Q6A8","F6Q6A8","Reticulocalbin 3","proteomics"
"F6Q6X3","F6Q6X3","Coronin","proteomics"
"F6Q748","F6Q748","Platelet-derived growth factor receptor beta","proteomics"
"F6Q947","F6Q947","Collagen type XV alpha 1 chain","proteomics"
"F6QCK4","F6QCK4","Vacuolar protein sorting 13 homolog C","proteomics"
"F6QDR0","F6QDR0","DNA damage-binding protein 1","proteomics"
"F6QDZ7","F6QDZ7","Uncharacterized protein","proteomics"
"F6QF52","F6QF52","Protein-synthesizing GTPase","proteomics"
"F6QF58","F6QF58","60S ribosomal protein L6","proteomics"
"F6QIV1","F6QIV1","Leucine rich repeat containing 59","proteomics"
"F6QJY9","F6QJY9","Pericentrin","proteomics"
"F6QK77","F6QK77","Deoxyribonuclease","proteomics"
"F6QKR7","F6QKR7","Myocilin","proteomics"
"F6QLI1","F6QLI1","Exocyst complex component 3","proteomics"
"F6QMB8","F6QMB8","G protein subunit alpha 13","proteomics"
"F6QPJ4","F6QPJ4","GIT ArfGAP 2","proteomics"
"F6QQ01","F6QQ01","Patatin like phospholipase domain containing 2","proteomics"
"F6QQ32","F6QQ32","HtrA serine peptidase 4","proteomics"
"F6QRJ1","F6QRJ1","LRRN4 C-terminal like","proteomics"
"F6QSI7","F6QSI7","Rho-associated protein kinase 2","proteomics"
"F6QTU8","F6QTU8","Myosin ID","proteomics"
"F6QUY7","F6QUY7","Nuclear casein kinase and cyclin dependent kinase substrate 1","proteomics"
"F6QVI0","F6QVI0","Hydroxysteroid 17-beta dehydrogenase 13","proteomics"
"F6QXN5","F6QXN5","Transgelin","proteomics"
"F6QXW2","F6QXW2","Phosphatidylethanolamine binding protein 1","proteomics"
"F6QYC5","F6QYC5","Serine and arginine rich splicing factor 4","proteomics"
"F6R0Q5","F6R0Q5","LIM domain and actin binding 1","proteomics"
"F6R1D6","F6R1D6","Eukaryotic translation initiation factor 3 subunit E","proteomics"
"F6R2A1","F6R2A1","BRICK1 subunit of SCAR/WAVE actin nucleating complex","proteomics"
"F6R341","F6R341","RNA polymerase II associated protein 1","proteomics"
"F6R528","F6R528","Collagen type III alpha 1 chain","proteomics"
"F6R5S2","F6R5S2","Transient receptor potential cation channel subfamily M member 5","proteomics"
"F6R5V4","F6R5V4","Carboxypeptidase vitellogenic like","proteomics"
"F6R6Z6","F6R6Z6","Epithelial cell adhesion molecule","proteomics"
"F6R7J2","F6R7J2","IDP","proteomics"
"F6R7Z9","F6R7Z9","Sushi, nidogen and EGF like domains 1","proteomics"
"F6R8R0","F6R8R0","Serine/threonine-protein phosphatase","proteomics"
"F6RC09","F6RC09","Vacuolar protein sorting-associated protein 35","proteomics"
"F6REK1","F6REK1","Rac/Cdc42 guanine nucleotide exchange factor 6","proteomics"
"F6RFT9","F6RFT9","Christmas factor","proteomics"
"F6RGN2","F6RGN2","Fatty acid binding protein 5","proteomics"
"F6RHB3","F6RHB3","Dynein cytoplasmic 1 heavy chain 1","proteomics"
"F6RHD5","F6RHD5","Adenine phosphoribosyltransferase","proteomics"
"F6RLK0","F6RLK0","Tetraspanin","proteomics"
"F6RMA4","F6RMA4","Ribosomal protein L15","proteomics"
"F6RMQ1","F6RMQ1","GLI pathogenesis related 2","proteomics"
"F6RN56","F6RN56","Interferon induced protein with tetratricopeptide repeats 3","proteomics"
"F6RPZ5","F6RPZ5","RAB2A, member RAS oncogene family","proteomics"
"F6RRL9","F6RRL9","Insulin-like growth factor-binding protein 3","proteomics"
"F6RRN3","F6RRN3","Zinc finger ZZ-type and EF-hand domain containing 1","proteomics"
"F6RT71","F6RT71","Eukaryotic translation initiation factor 5","proteomics"
"F6RTD6","F6RTD6","Heterogeneous nuclear ribonucleoprotein L","proteomics"
"F6RX11","F6RX11","40S ribosomal protein S20","proteomics"
"F6RZ46","F6RZ46","Proline and arginine rich end leucine rich repeat protein","proteomics"
"F6S243","F6S243","Macrophage migration inhibitory factor","proteomics"
"F6S4W5","F6S4W5","Sidekick cell adhesion molecule 1","proteomics"
"F6S568","F6S568","Lymphatic vessel endothelial hyaluronan receptor 1","proteomics"
"F6S5X4","F6S5X4","26S proteasome non-ATPase regulatory subunit 1","proteomics"
"F6S6J4","F6S6J4","Peroxiredoxin-1","proteomics"
"F6S769","F6S769","Guanine nucleotide-binding protein subunit gamma","proteomics"
"F6S836","F6S836","Cell adhesion associated, oncogene regulated","proteomics"
"F6S9T1","F6S9T1","Thrombospondin 3","proteomics"
"F6SAB2","F6SAB2","APC-binding protein EB1","proteomics"
"F6SAH3","F6SAH3","Acyl-CoA synthetase long chain family member 1","proteomics"
"F6SBZ3","F6SBZ3","CD276 molecule","proteomics"
"F6SCX8","F6SCX8","Eukaryotic translation initiation factor 4 gamma 1","proteomics"
"F6SDS3","F6SDS3","Spartin","proteomics"
"F6SEM5","F6SEM5","Mannose receptor C type 2","proteomics"
"F6SER6","F6SER6","Hsp90 chaperone protein kinase-targeting subunit","proteomics"
"F6SEZ8","F6SEZ8","Diaphanous related formin 2","proteomics"
"F6SF73","F6SF73","Adipogenesis associated Mth938 domain containing","proteomics"
"F6SGJ7","F6SGJ7","Cullin 1","proteomics"
"F6SHD8","F6SHD8","Integrin subunit alpha 1","proteomics"
"F6SHH7","F6SHH7","Septin","proteomics"
"F6SI35","F6SI35","COP9 signalosome complex subunit 2","proteomics"
"F6SI49","F6SI49","Decapping mRNA 1A","proteomics"
"F6SIE2","F6SIE2","Intercellular adhesion molecule 3","proteomics"
"F6SIV4","F6SIV4","Spectrin beta chain","proteomics"
"F6SK08","F6SK08","THUMP domain containing 1","proteomics"
"F6SKT2","F6SKT2","Lumican","proteomics"
"F6SLB0","F6SLB0","SEC31 homolog A, COPII coat complex component","proteomics"
"F6SMZ4","F6SMZ4","Elastin microfibril interfacer 1","proteomics"
"F6SN52","F6SN52","eIF-5a domain-containing protein","proteomics"
"F6SNP9","F6SNP9","Beta-ureidopropionase 1","proteomics"
"F6SNQ9","F6SNQ9","Snurportin-1","proteomics"
"F6SPH9","F6SPH9","Calnexin","proteomics"
"F6SQ49","F6SQ49","Spermine synthase","proteomics"
"F6SR87","F6SR87","Protein Z, vitamin K dependent plasma glycoprotein","proteomics"
"F6SRP7","F6SRP7","Adenylyl cyclase-associated protein","proteomics"
"F6SS14","F6SS14","Keratin 10B","proteomics"
"F6SSK7","F6SSK7","RAP1B, member of RAS oncogene family","proteomics"
"F6SVX5","F6SVX5","Beta-microseminoprotein","proteomics"
"F6SXQ9","F6SXQ9","Cell division control protein 42 homolog","proteomics"
"F6SYI2","F6SYI2","Crystallin alpha B","proteomics"
"F6SYM2","F6SYM2","DEK proto-oncogene","proteomics"
"F6SZG4","F6SZG4","Hypoxanthine phosphoribosyltransferase","proteomics"
"F6SZJ2","F6SZJ2","EH domain containing 4","proteomics"
"F6SZQ4","F6SZQ4","MX dynamin like GTPase 2","proteomics"
"F6T155","F6T155","Exocyst complex component Sec8","proteomics"
"F6T2L8","F6T2L8","40S ribosomal protein S18","proteomics"
"F6T3E4","F6T3E4","Coagulation factor XI","proteomics"
"F6T530","F6T530","SH3 domain binding protein 1","proteomics"
"F6T5S3","F6T5S3","Lymphocyte antigen 75","proteomics"
"F6T9B3","F6T9B3","Adhesion G protein-coupled receptor E5","proteomics"
"F6T9J3","F6T9J3","VPS35 endosomal protein-sorting factor-like","proteomics"
"F6TAZ0","F6TAZ0","Glutamine synthetase","proteomics"
"F6TBR8","F6TBR8","Fermitin family member 2","proteomics"
"F6TDF0","F6TDF0","Angiopoietin like 8","proteomics"
"F6TDH5","F6TDH5","Coagulation factor X","proteomics"
"F6TEW7","F6TEW7","ADAMTS like 2","proteomics"
"F6TGW9","F6TGW9","NADH-cytochrome b5 reductase","proteomics"
"F6TH29","F6TH29","CD93 molecule","proteomics"
"F6TH64","F6TH64","Spectrin beta chain","proteomics"
"F6THG1","F6THG1","RAB35, member RAS oncogene family","proteomics"
"F6TIB2","F6TIB2","Cathepsin C","proteomics"
"F6TLU0","F6TLU0","Voltage-dependent anion-selective channel protein 2","proteomics"
"F6TM03","F6TM03","NCK associated protein 1 like","proteomics"
"F6TME6","F6TME6","Nuclear factor NF-kappa-B p105 subunit","proteomics"
"F6TQ05","F6TQ05","Epsin 1","proteomics"
"F6TQR2","F6TQR2","Calreticulin","proteomics"
"F6TQZ8","F6TQZ8","ADP/ATP translocase","proteomics"
"F6TRI4","F6TRI4","HRas proto-oncogene, GTPase","proteomics"
"F6TST3","F6TST3","V-type proton ATPase subunit","proteomics"
"F6TTZ9","F6TTZ9","AP-3 complex subunit delta","proteomics"
"F6TWF2","F6TWF2","Trafficking protein particle complex subunit 11","proteomics"
"F6TXV7","F6TXV7","Solute carrier family 39 member 14","proteomics"
"F6TXZ9","F6TXZ9","40S ribosomal protein S25","proteomics"
"F6TY28","F6TY28","Utrophin","proteomics"
"F6TYW4","F6TYW4","Malate dehydrogenase","proteomics"
"F6TZ46","F6TZ46","Small nuclear ribonucleoprotein Sm D3","proteomics"
"F6TZS9","F6TZS9","Triosephosphate isomerase","proteomics"
"F6U0G2","F6U0G2","Phospholipid scramblase","proteomics"
"F6U0H9","F6U0H9","Citrate hydro-lyase","proteomics"
"F6U2W9","F6U2W9","EH domain containing 1","proteomics"
"F6U354","F6U354","Fumarylacetoacetase","proteomics"
"F6U3F1","F6U3F1","Dihydrolipoyl dehydrogenase","proteomics"
"F6U401","F6U401","Ubiquitin conjugating enzyme E2 Z","proteomics"
"F6U5V3","F6U5V3","Transcobalamin 2","proteomics"
"F6U6H7","F6U6H7","Glycogenin 1","proteomics"
"F6U6K1","F6U6K1","Succinate--CoA ligase [GDP-forming] subunit beta, mitochondrial","proteomics"
"F6U6V3","F6U6V3","Disintegrin and metalloproteinase domain-containing protein 10","proteomics"
"F6U8N0","F6U8N0","HECT domain E3 ubiquitin protein ligase 3","proteomics"
"F6U8Y7","F6U8Y7","Kinesin light chain","proteomics"
"F6U8Z5","F6U8Z5","Calcium binding protein 39","proteomics"
"F6UA29","F6UA29","EFR3 homolog A","proteomics"
"F6UCB3","F6UCB3","60S ribosomal protein L7a","proteomics"
"F6UF75","F6UF75","Protein S100","proteomics"
"F6UH83","F6UH83","CCT-epsilon","proteomics"
"F6UJN2","F6UJN2","Programmed cell death 6","proteomics"
"F6UN76","F6UN76","Trafficking from ER to golgi regulator","proteomics"
"F6UP14","F6UP14","Procollagen C-endopeptidase enhancer 2","proteomics"
"F6UP52","F6UP52","Myosin heavy chain 8","proteomics"
"F6UQI3","F6UQI3","26S proteasome non-ATPase regulatory subunit 2","proteomics"
"F6URZ2","F6URZ2","Fermitin family member 3","proteomics"
"F6USX7","F6USX7","Exocyst complex component 5","proteomics"
"F6UU57","F6UU57","Histone H3","proteomics"
"F6UUX5","F6UUX5","Ribosomal protein L3","proteomics"
"F6UW37","F6UW37","Trifunctional purine biosynthetic protein adenosine-3","proteomics"
"F6UYH7","F6UYH7","Outer dynein arm docking complex subunit 2","proteomics"
"F6V278","F6V278","Ubiquitin carboxyl-terminal hydrolase","proteomics"
"F6V2L8","F6V2L8","Myotilin","proteomics"
"F6V3D5","F6V3D5","T-complex protein 1 subunit gamma","proteomics"
"F6V541","F6V541","FERM, ARH/RhoGEF and pleckstrin domain protein 1","proteomics"
"F6V6L8","F6V6L8","IQ motif containing GTPase activating protein 2","proteomics"
"F6V6T6","F6V6T6","Acetyl-CoA carboxylase kinase","proteomics"
"F6V9Q3","F6V9Q3","40S ribosomal protein S6","proteomics"
"F6VAS5","F6VAS5","Vanin 1","proteomics"
"F6VCE9","F6VCE9","Delta-aminolevulinic acid dehydratase","proteomics"
"F6VE52","F6VE52","Keratin 3","proteomics"
"F6VFB4","F6VFB4","Reticulon","proteomics"
"F6VIG2","F6VIG2","Myosin binding protein C2","proteomics"
"F6VIG9","F6VIG9","Adenosylhomocysteinase","proteomics"
"F6VIV2","F6VIV2","Histidine triad nucleotide binding protein 1","proteomics"
"F6VK33","F6VK33","Vav guanine nucleotide exchange factor 1","proteomics"
"F6VK89","F6VK89","Monocyte differentiation antigen CD14","proteomics"
"F6VKK6","F6VKK6","EGF like repeats and discoidin domains 3","proteomics"
"F6VNV4","F6VNV4","Parvalbumin","proteomics"
"F6VPI8","F6VPI8","D-dopachrome tautomerase","proteomics"
"F6VQZ8","F6VQZ8","Dynein cytoplasmic 1 intermediate chain 2","proteomics"
"F6VRC2","F6VRC2","Serine/threonine-protein phosphatase","proteomics"
"F6VTF8","F6VTF8","MOB kinase activator 2","proteomics"
"F6VTT9","F6VTT9","Growth arrest specific 7","proteomics"
"F6VUI6","F6VUI6","116 kDa U5 small nuclear ribonucleoprotein component","proteomics"
"F6VUW2","F6VUW2","Cathepsin S","proteomics"
"F6VV33","F6VV33","Microtubule associated protein 1A","proteomics"
"F6VVG6","F6VVG6","Eukaryotic translation initiation factor 3 subunit D","proteomics"
"F6VVM5","F6VVM5","Collagen type IV alpha 1 chain","proteomics"
"F6VX41","F6VX41","60S ribosomal protein L4","proteomics"
"F6VZ73","F6VZ73","Hyaluronan binding protein 2","proteomics"
"F6VZN7","F6VZN7","Ras homolog family member G","proteomics"
"F6VZY5","F6VZY5","Vasodilator stimulated phosphoprotein","proteomics"
"F6W039","F6W039","Rho GDP dissociation inhibitor alpha","proteomics"
"F6W0E0","F6W0E0","Non-specific serine/threonine protein kinase","proteomics"
"F6W354","F6W354","Actin-like protein 3","proteomics"
"F6W5X0","F6W5X0","Ras like without CAAX 1","proteomics"
"F6W6E8","F6W6E8","Latent transforming growth factor beta binding protein 1","proteomics"
"F6W739","F6W739","Prefoldin subunit 2","proteomics"
"F6WA57","F6WA57","Lymphocyte cytosolic protein 1","proteomics"
"F6WD07","F6WD07","Fibulin 7","proteomics"
"F6WE31","F6WE31","Actin-related protein 2/3 complex subunit 3","proteomics"
"F6WEM4","F6WEM4","Amyloid beta precursor protein binding family B member 1 interacting protein","proteomics"
"F6WFQ1","F6WFQ1","Epidermal growth factor receptor pathway substrate 15","proteomics"
"F6WG72","F6WG72","Penta-EF-hand domain containing 1","proteomics"
"F6WGL8","F6WGL8","Protein disulfide-isomerase","proteomics"
"F6WIB0","F6WIB0","Vitamin K epoxide reductase complex subunit 1","proteomics"
"F6WJ57","F6WJ57","GRIP and coiled-coil domain containing 2","proteomics"
"F6WJB5","F6WJB5","Proteasome 26S subunit, ATPase 1","proteomics"
"F6WLI6","F6WLI6","ATP synthase subunit O, mitochondrial","proteomics"
"F6WM79","F6WM79","Actin related protein 2","proteomics"
"F6WNV3","F6WNV3","Frizzled-related protein 1","proteomics"
"F6WPB4","F6WPB4","Maillard deglycase","proteomics"
"F6WQJ4","F6WQJ4","Tetraspanin","proteomics"
"F6WQL1","F6WQL1","Ecotropic viral integration site 2B","proteomics"
"F6WRB4","F6WRB4","Sarcalumenin","proteomics"
"F6WRP1","F6WRP1","Tubulin tyrosine ligase like 12","proteomics"
"F6WSA6","F6WSA6","Glutathione synthetase","proteomics"
"F6WT76","F6WT76","Aspartyl aminopeptidase","proteomics"
"F6WTJ7","F6WTJ7","Phosphoacetylglucosamine mutase","proteomics"
"F6WWW7","F6WWW7","F-actin-capping protein subunit alpha","proteomics"
"F6WZ69","F6WZ69","Procollagen C-endopeptidase enhancer","proteomics"
"F6X0K3","F6X0K3","Cellular communication network factor 2","proteomics"
"F6X0L0","F6X0L0","RALBP1 associated Eps domain containing 1","proteomics"
"F6X0P8","F6X0P8","Kinesin-like protein","proteomics"
"F6X277","F6X277","RuvB-like helicase","proteomics"
"F6X2E1","F6X2E1","Peptidyl-prolyl cis-trans isomerase","proteomics"
"F6X509","F6X509","Opioid growth factor receptor","proteomics"
"F6X6A6","F6X6A6","Peptidyl-prolyl cis-trans isomerase","proteomics"
"F6X756","F6X756","Elongation factor 1-beta","proteomics"
"F6X7U7","F6X7U7","40S ribosomal protein S4","proteomics"
"F6X8V3","F6X8V3","Phosphatidylinositol-4,5-bisphosphate 3-kinase","proteomics"
"F6X917","F6X917","VPS26, retromer complex component A","proteomics"
"F6XA04","F6XA04","Tyrosine 3-monooxygenase/tryptophan 5-monooxygenase activation protein epsilon","proteomics"
"F6XAB0","F6XAB0","Synaptosomal-associated protein","proteomics"
"F6XC16","F6XC16","Vesicle amine transport 1","proteomics"
"F6XCF2","F6XCF2","Tubulin beta chain","proteomics"
"F6XCP3","F6XCP3","Protein-tyrosine-phosphatase","proteomics"
"F6XD01","F6XD01","Dedicator of cytokinesis 10","proteomics"
"F6XE64","F6XE64","Eukaryotic translation initiation factor 3 subunit A","proteomics"
"F6XEP5","F6XEP5","Ecto-5'-nucleotidase","proteomics"
"F6XHR9","F6XHR9","Immunoglobulin superfamily containing leucine rich repeat","proteomics"
"F6XLG7","F6XLG7","Poly(rC) binding protein 4","proteomics"
"F6XLM5","F6XLM5","Ribosomal protein S14","proteomics"
"F6XMS1","F6XMS1","Citrate synthase","proteomics"
"F6XNR9","F6XNR9","Collagen type XVIII alpha 1 chain","proteomics"
"F6XQN7","F6XQN7","RAP1A, member of RAS oncogene family","proteomics"
"F6XSN2","F6XSN2","T-complex protein 1 subunit eta","proteomics"
"F6XUJ2","F6XUJ2","ATP synthase subunit alpha","proteomics"
"F6XUQ9","F6XUQ9","Rho-associated protein kinase","proteomics"
"F6XZ61","F6XZ61","Fc fragment of IgG receptor and transporter","proteomics"
"F6Y044","F6Y044","Diaphanous related formin 1","proteomics"
"F6Y0G5","F6Y0G5","Periostin","proteomics"
"F6Y0Q6","F6Y0Q6","Aldehyde dehydrogenase 1 family member A3","proteomics"
"F6Y239","F6Y239","Rabenosyn, RAB effector","proteomics"
"F6Y2H3","F6Y2H3","Peptidase D","proteomics"
"F6Y4J0","F6Y4J0","Vacuolar proton pump subunit B","proteomics"
"F6Y6W2","F6Y6W2","Ribosomal protein L24","proteomics"
"F6Y6W9","F6Y6W9","Oxysterol binding protein","proteomics"
"F6Y8A0","F6Y8A0","Tyrosine-protein kinase","proteomics"
"F6Y9U1","F6Y9U1","Secretory carrier-associated membrane protein","proteomics"
"F6YAH4","F6YAH4","Ankyrin repeat and FYVE domain containing 1","proteomics"
"F6YBQ6","F6YBQ6","60S ribosomal protein L30","proteomics"
"F6YDK2","F6YDK2","G1 to S phase transition 1","proteomics"
"F6YEU3","F6YEU3","RNA binding motif protein 3","proteomics"
"F6YEV8","F6YEV8","BAF nuclear assembly factor 1","proteomics"
"F6YFQ3","F6YFQ3","AP complex subunit beta","proteomics"
"F6YGR4","F6YGR4","LRR binding FLII interacting protein 1","proteomics"
"F6YHJ7","F6YHJ7","Non-specific serine/threonine protein kinase","proteomics"
"F6YJR6","F6YJR6","Ribosomal protein L18","proteomics"
"F6YK14","F6YK14","Eukaryotic translation initiation factor 4B","proteomics"
"F6YKL4","F6YKL4","Myotrophin","proteomics"
"F6YKS7","F6YKS7","Calcium-transporting ATPase","proteomics"
"F6YLI2","F6YLI2","Secretogranin III","proteomics"
"F6YNM7","F6YNM7","Prolyl endopeptidase","proteomics"
"F6YNR0","F6YNR0","Nuclear mitotic apparatus protein 1","proteomics"
"F6YP35","F6YP35","Ectonucleoside triphosphate diphosphohydrolase 1","proteomics"
"F6YPD8","F6YPD8","WD repeat domain phosphoinositide-interacting protein 2","proteomics"
"F6YPI2","F6YPI2","Bone sialoprotein 2","proteomics"
"F6YPN7","F6YPN7","Arginine--tRNA ligase, cytoplasmic","proteomics"
"F6YRE7","F6YRE7","Leukotriene A(4) hydrolase","proteomics"
"F6YV16","F6YV16","RNA helicase","proteomics"
"F6YV40","F6YV40","Glyceraldehyde-3-phosphate dehydrogenase","proteomics"
"F6YW65","F6YW65","Poly [ADP-ribose] polymerase","proteomics"
"F6YXS1","F6YXS1","Receptor protein-tyrosine kinase","proteomics"
"F6YZ13","F6YZ13","S100 calcium binding protein A13","proteomics"
"F6YZF5","F6YZF5","DNA cross-link repair 1C","proteomics"
"F6Z146","F6Z146","Integrin subunit alpha L","proteomics"
"F6Z1Z7","F6Z1Z7","40S ribosomal protein S3a","proteomics"
"F6Z295","F6Z295","Vacuolar-sorting protein SNF8","proteomics"
"F6Z3U5","F6Z3U5","FYN binding protein 1","proteomics"
"F6Z4J4","F6Z4J4","Rab GDP dissociation inhibitor","proteomics"
"F6Z4N9","F6Z4N9","Eukaryotic translation initiation factor 3 subunit C","proteomics"
"F6Z587","F6Z587","60 kDa chaperonin","proteomics"
"F6Z5C4","F6Z5C4","Calmodulin 1","proteomics"
"F6Z5U0","F6Z5U0","Component of oligomeric Golgi complex 7","proteomics"
"F6ZAK1","F6ZAK1","Annexin","proteomics"
"F6ZC75","F6ZC75","Thy-1 antigen","proteomics"
"F6ZD04","F6ZD04","Alpha-1,4 glucan phosphorylase","proteomics"
"F6ZDJ2","F6ZDJ2","Laminin subunit alpha 4","proteomics"
"F6ZDM5","F6ZDM5","Ribosomal protein S10","proteomics"
"F6ZE54","F6ZE54","Glucose-6-phosphate isomerase","proteomics"
"F6ZED2","F6ZED2","Ras-related protein Rab-21","proteomics"
"F6ZET7","F6ZET7","RHO family interacting cell polarization regulator 1","proteomics"
"F6ZFH9","F6ZFH9","Tyrosine 3-monooxygenase/tryptophan 5-monooxygenase activation protein gamma","proteomics"
"F6ZGZ1","F6ZGZ1","Syntaxin 4","proteomics"
"F6ZHC3","F6ZHC3","CD48 molecule","proteomics"
"F6ZHK3","F6ZHK3","55 kDa erythrocyte membrane protein","proteomics"
"F6ZHQ5","F6ZHQ5","Chloride intracellular channel protein","proteomics"
"F6ZIY3","F6ZIY3","Switching B cell complex subunit SWAP70","proteomics"
"F6ZJJ9","F6ZJJ9","Ig-like domain-containing protein","proteomics"
"F6ZK25","F6ZK25","Spectrin alpha, erythrocytic 1","proteomics"
"F6ZKC8","F6ZKC8","Cytochrome c oxidase subunit 4","proteomics"
"F6ZLX2","F6ZLX2","Myosin IXB","proteomics"
"F6ZNX3","F6ZNX3","Collagen type XIV alpha 1 chain","proteomics"
"F6ZNZ4","F6ZNZ4","Microtubule associated protein 1B","proteomics"
"F6ZP76","F6ZP76","Actin-related protein 2/3 complex subunit 5","proteomics"
"F6ZQ56","F6ZQ56","Prostaglandin E synthase 3","proteomics"
"F6ZQE2","F6ZQE2","CCT-theta","proteomics"
"F6ZRQ3","F6ZRQ3","Osteomodulin","proteomics"
"F6ZSS7","F6ZSS7","Bis(5'-nucleosyl)-tetraphosphatase [asymmetrical]","proteomics"
"F6ZV00","F6ZV00","Perilipin","proteomics"
"F6ZVN7","F6ZVN7","Dynactin subunit 3","proteomics"
"F6ZW92","F6ZW92","Phosphatidylinositol transfer protein alpha","proteomics"
"F6ZX61","F6ZX61","60S ribosomal protein L13","proteomics"
"F6ZY40","F6ZY40","Lamin A/C","proteomics"
"F6ZYT5","F6ZYT5","Transmembrane anterior posterior transformation 1","proteomics"
"F6ZZV6","F6ZZV6","Cytochrome P450 2C19","proteomics"
"F6ZZX8","F6ZZX8","Integrin subunit alpha 4","proteomics"
"F7A0H6","F7A0H6","Folate receptor beta","proteomics"
"F7A3Y3","F7A3Y3","Phospholipid-transporting ATPase","proteomics"
"F7A425","F7A425","Phosphofurin acidic cluster sorting protein 1","proteomics"
"F7A483","F7A483","Ribosomal protein L22 like 1","proteomics"
"F7A575","F7A575","Erbb2 interacting protein","proteomics"
"F7A5F1","F7A5F1","ASH1 like histone lysine methyltransferase","proteomics"
"F7A5X2","F7A5X2","ECRG4 augurin precursor","proteomics"
"F7A622","F7A622","Transient receptor potential cation channel subfamily V member 2","proteomics"
"F7ABW7","F7ABW7","Coagulation factor VII","proteomics"
"F7AC72","F7AC72","CD163 molecule","proteomics"
"F7AEI2","F7AEI2","Placenta associated 9","proteomics"
"F7AGA5","F7AGA5","Plastin 3","proteomics"
"F7AGR6","F7AGR6","Tropomodulin 2","proteomics"
"F7AK17","F7AK17","TNF alpha induced protein 2","proteomics"
"F7AL87","F7AL87","General vesicular transport factor p115","proteomics"
"F7ALQ9","F7ALQ9","Coronin","proteomics"
"F7ALR7","F7ALR7","Ectonucleotide pyrophosphatase/phosphodiesterase 1","proteomics"
"F7AM06","F7AM06","Adducin 1","proteomics"
"F7AMC4","F7AMC4","Myosin IG","proteomics"
"F7AMM0","F7AMM0","ATP-dependent 6-phosphofructokinase","proteomics"
"F7ARB6","F7ARB6","Tetratricopeptide repeat protein 38","proteomics"
"F7ARV4","F7ARV4","SH3 domain containing GRB2 like, endophilin B2","proteomics"
"F7AS57","F7AS57","Proteasome activator subunit 2","proteomics"
"F7AT17","F7AT17","Tyrosine-protein kinase","proteomics"
"F7ATK9","F7ATK9","Histamine N-methyltransferase","proteomics"
"F7ATM2","F7ATM2","Solute carrier family 1 member 4","proteomics"
"F7ATU8","F7ATU8","Eukaryotic translation initiation factor 3 subunit B","proteomics"
"F7AU83","F7AU83","COP9 signalosome complex subunit 5-like protein","proteomics"
"F7AVB5","F7AVB5","Serine and arginine rich splicing factor 3","proteomics"
"F7AVH3","F7AVH3","NIMA related kinase 9","proteomics"
"F7AVQ9","F7AVQ9","Phosphatidylinositol-3,4,5-trisphosphate dependent Rac exchange factor 2","proteomics"
"F7AWX3","F7AWX3","Receptor for activated C kinase 1","proteomics"
"F7AX81","F7AX81","CCT-alpha","proteomics"
"F7AXI9","F7AXI9","Peroxiredoxin-6","proteomics"
"F7AYA6","F7AYA6","Protein phosphatase 1 regulatory subunit 7","proteomics"
"F7AYC1","F7AYC1","Secreted phosphoprotein 1","proteomics"
"F7AYR2","F7AYR2","Ribosomal protein L10","proteomics"
"F7AYY8","F7AYY8","Uncharacterized protein","proteomics"
"F7AZ87","F7AZ87","Tight junction protein 2","proteomics"
"F7B024","F7B024","Calcium-transporting ATPase","proteomics"
"F7B0V7","F7B0V7","GlcNAc 2-epimerase","proteomics"
"F7B0X3","F7B0X3","Coiled-coil domain containing 6","proteomics"
"F7B3L3","F7B3L3","60S ribosomal protein L27a","proteomics"
"F7B497","F7B497","Coatomer subunit alpha","proteomics"
"F7B4U0","F7B4U0","Disco interacting protein 2 homolog B","proteomics"
"F7B504","F7B504","Apolipoprotein F","proteomics"
"F7B806","F7B806","Cytochrome b-c1 complex subunit 10","proteomics"
"F7B821","F7B821","Protein disulfide-isomerase","proteomics"
"F7B9Q9","F7B9Q9","Protein kinase C and casein kinase substrate in neurons 2","proteomics"
"F7B9X5","F7B9X5","RELA proto-oncogene, NF-kB subunit","proteomics"
"F7BB06","F7BB06","Extended synaptotagmin 1","proteomics"
"F7BC94","F7BC94","Hypoxia up-regulated 1","proteomics"
"F7BDE9","F7BDE9","Na(+)/H(+) exchange regulatory cofactor NHE-RF","proteomics"
"F7BE95","F7BE95","Ubiquitin conjugating enzyme E2 V1","proteomics"
"F7BEH7","F7BEH7","WASH complex subunit 2","proteomics"
"F7BFT1","F7BFT1","Peroxiredoxin 2","proteomics"
"F7BH15","F7BH15","Sodium/hydrogen exchanger","proteomics"
"F7BH96","F7BH96","Cullin associated and neddylation dissociated 1","proteomics"
"F7BHK6","F7BHK6","RNA binding motif protein 25","proteomics"
"F7BHT1","F7BHT1","Axin interactor, dorsalization associated","proteomics"
"F7BJ71","F7BJ71","Leucine rich repeat containing 8 VRAC subunit A","proteomics"
"F7BK38","F7BK38","Laminin subunit beta 2","proteomics"
"F7BK76","F7BK76","Macrophage stimulating 1","proteomics"
"F7BKI9","F7BKI9","Toll interacting protein","proteomics"
"F7BKK5","F7BKK5","Glutathione S-transferase","proteomics"
"F7BKY7","F7BKY7","Calpactin I light chain","proteomics"
"F7BLG9","F7BLG9","Programmed cell death 5","proteomics"
"F7BLU1","F7BLU1","40S ribosomal protein S15a","proteomics"
"F7BMG0","F7BMG0","Raftlin, lipid raft linker 1","proteomics"
"F7BND9","F7BND9","Protein S100","proteomics"
"F7BQS3","F7BQS3","Growth factor receptor bound protein 2","proteomics"
"F7BQX4","F7BQX4","Peptidylglycine alpha-amidating monooxygenase","proteomics"
"F7BTP3","F7BTP3","Seryl-tRNA synthetase","proteomics"
"F7BU40","F7BU40","Protein argonaute-2","proteomics"
"F7BXA6","F7BXA6","Aminopeptidase","proteomics"
"F7BXF9","F7BXF9","Nudix hydrolase 5","proteomics"
"F7BYR9","F7BYR9","Calsequestrin","proteomics"
"F7BZD8","F7BZD8","Thioredoxin related transmembrane protein 4","proteomics"
"F7C0U4","F7C0U4","Aldo-keto reductase family 7 member A2","proteomics"
"F7C108","F7C108","Lysyl oxidase homolog","proteomics"
"F7C1X7","F7C1X7","Na(+)/H(+) exchange regulatory cofactor NHE-RF","proteomics"
"F7C2J3","F7C2J3","Cartilage intermediate layer protein","proteomics"
"F7C2Y5","F7C2Y5","AE binding protein 1","proteomics"
"F7C373","F7C373","75 kDa glucose-regulated protein","proteomics"
"F7C4H8","F7C4H8","Glucosidase II alpha subunit","proteomics"
"F7C555","F7C555","5-aminoimidazole-4-carboxamide ribonucleotide formyltransferase","proteomics"
"F7C5F1","F7C5F1","Chemerin","proteomics"
"F7C5G3","F7C5G3","Proteasome 26S subunit, non-ATPase 11","proteomics"
"F7C5S4","F7C5S4","Importin 5","proteomics"
"F7C625","F7C625","Calpain inhibitor","proteomics"
"F7C6F2","F7C6F2","Ubiquitin-activating enzyme E1","proteomics"
"F7C708","F7C708","Guanine deaminase","proteomics"
"F7C9D8","F7C9D8","Proteasome 26S subunit, non-ATPase 7","proteomics"
"F7CAX0","F7CAX0","C-type lectin domain family 3 member A","proteomics"
"F7CBX0","F7CBX0","Dolichyl-diphosphooligosaccharide--protein glycosyltransferase 48 kDa subunit","proteomics"
"F7CCP9","F7CCP9","Cartilage intermediate layer protein 2","proteomics"
"F7CCX4","F7CCX4","Proteolipid protein 2","proteomics"
"F7CD93","F7CD93","Coiled-coil domain containing 110","proteomics"
"F7CDJ8","F7CDJ8","40S ribosomal protein S9","proteomics"
"F7CE06","F7CE06","Ubiquitinyl hydrolase 1","proteomics"
"F7CFR5","F7CFR5","Sodium/potassium-transporting ATPase subunit beta","proteomics"
"F7CG77","F7CG77","Chaperonin containing TCP1 subunit 6A","proteomics"
"F7CGI0","F7CGI0","60S ribosomal protein L34","proteomics"
"F7CHI7","F7CHI7","Lactoylglutathione lyase","proteomics"
"F7CI32","F7CI32","Selenium binding protein 1","proteomics"
"F7CIZ6","F7CIZ6","Septin","proteomics"
"F7CJ08","F7CJ08","CD209 antigen-like protein E","proteomics"
"F7CK08","F7CK08","Small nuclear ribonucleoprotein Sm D2","proteomics"
"F7CL92","F7CL92","Glutamine--fructose-6-phosphate transaminase (isomerizing)","proteomics"
"F7CLB0","F7CLB0","Transmembrane protein 205","proteomics"
"F7CMB4","F7CMB4","Diadenosine tetraphosphate synthetase","proteomics"
"F7CMU1","F7CMU1","Tubulin polymerization-promoting protein family member 3","proteomics"
"F7CMY7","F7CMY7","Non-specific serine/threonine protein kinase","proteomics"
"F7CQM8","F7CQM8","Protein kinase C delta type","proteomics"
"F7CSQ5","F7CSQ5","SERPINE1 mRNA binding protein 1","proteomics"
"F7CTC3","F7CTC3","LIM domain containing preferred translocation partner in lipoma","proteomics"
"F7CTR2","F7CTR2","Nicotinate phosphoribosyltransferase","proteomics"
"F7CU94","F7CU94","Lysozyme","proteomics"
"F7CVC4","F7CVC4","AP-2 complex subunit alpha","proteomics"
"F7CVF5","F7CVF5","Coronin","proteomics"
"F7CYG2","F7CYG2","Tyrosine 3-monooxygenase/tryptophan 5-monooxygenase activation protein eta","proteomics"
"F7CZV6","F7CZV6","Aldehyde dehydrogenase (NAD(+))","proteomics"
"F7D253","F7D253","UDP-glucose 6-dehydrogenase","proteomics"
"F7D2D9","F7D2D9","Biliverdin reductase B","proteomics"
"F7D3E3","F7D3E3","UMP-CMP kinase","proteomics"
"F7D3G2","F7D3G2","Mesenteric estrogen dependent adipogenesis","proteomics"
"F7D3K4","F7D3K4","Platelet-activating factor acetylhydrolase IB subunit alpha","proteomics"
"F7D4R2","F7D4R2","Sialic acid binding Ig like lectin 1","proteomics"
"F7D5C0","F7D5C0","Elongin-C","proteomics"
"F7D6J0","F7D6J0","Myeloid associated differentiation marker","proteomics"
"F7D6U2","F7D6U2","ISG15 ubiquitin like modifier","proteomics"
"F7D7Z9","F7D7Z9","AIR carboxylase","proteomics"
"F7D8K7","F7D8K7","60S ribosomal protein L27","proteomics"
"F7D8L9","F7D8L9","Argininosuccinate synthase","proteomics"
"F7D8W6","F7D8W6","Guanylate binding protein 5","proteomics"
"F7D917","F7D917","6-phosphogluconate dehydrogenase, decarboxylating","proteomics"
"F7D9T7","F7D9T7","Leucine rich repeat containing 57","proteomics"
"F7DA17","F7DA17","Transglutaminase 2","proteomics"
"F7DB59","F7DB59","Platelet activating factor acetylhydrolase 1b catalytic subunit 3","proteomics"
"F7DBH3","F7DBH3","Src kinase associated phosphoprotein 2","proteomics"
"F7DDD6","F7DDD6","Ubiquitin conjugating enzyme E2 O","proteomics"
"F7DE06","F7DE06","Annexin","proteomics"
"F7DE75","F7DE75","NSF attachment protein alpha","proteomics"
"F7DF45","F7DF45","Cysteinyl leukotriene receptor 1","proteomics"
"F7DG10","F7DG10","ATPase H+ transporting accessory protein 1","proteomics"
"F7DGP4","F7DGP4","Rho GTPase activating protein 45","proteomics"
"F7DGR1","F7DGR1","Coagulation factor XII","proteomics"
"F7DGY6","F7DGY6","Receptor expression-enhancing protein","proteomics"
"F7DHF7","F7DHF7","RNA polymerase II associated protein 3","proteomics"
"F7DL64","F7DL64","Heterogeneous nuclear ribonucleoprotein A/B","proteomics"
"F7DLC6","F7DLC6","BRISC and BRCA1-A complex member 2","proteomics"
"F7DMA1","F7DMA1","Carboxypeptidase M","proteomics"
"F7DMG5","F7DMG5","Glucose-6-phosphate 1-dehydrogenase","proteomics"
"F7DP73","F7DP73","Fibrinogen like 2","proteomics"
"F7DRI4","F7DRI4","AMP deaminase","proteomics"
"F7DRP9","F7DRP9","Nascent polypeptide associated complex subunit alpha","proteomics"
"F7DS56","F7DS56","40S ribosomal protein S13","proteomics"
"F7DTB6","F7DTB6","Karyopherin subunit beta 1","proteomics"
"F7DU34","F7DU34","40S ribosomal protein S11","proteomics"
"F7DVX3","F7DVX3","RuvB-like helicase","proteomics"
"F7DVZ8","F7DVZ8","Coiled-coil and C2 domain containing 1A","proteomics"
"F7DW15","F7DW15","40S ribosomal protein S8","proteomics"
"F7DW69","F7DW69","Heat shock 70kDa protein 1A","proteomics"
"F7DWN5","F7DWN5","G protein subunit alpha i2","proteomics"
"F7DXG8","F7DXG8","Cofilin, non-muscle isoform","proteomics"
"F7DY41","F7DY41","Exocyst complex component","proteomics"
"F7DY67","F7DY67","Purine nucleoside phosphorylase","proteomics"
"F7DYV8","F7DYV8","F-actin monooxygenase","proteomics"
"F7DZV9","F7DZV9","Tyrosine 3-monooxygenase/tryptophan 5-monooxygenase activation protein beta","proteomics"
"F7E1E4","F7E1E4","ABC-type glutathione-S-conjugate transporter","proteomics"
"F7E1X2","F7E1X2","Stress induced phosphoprotein 1","proteomics"
"F7E2S8","F7E2S8","NSFL1 cofactor p47","proteomics"
"F7E3Y7","F7E3Y7","Heat shock 27 kDa protein","proteomics"
"F7E419","F7E419","Annexin","proteomics"
"H9GZT7","H9GZT7","Extended synaptotagmin 2","proteomics"
"H9GZZ1","H9GZZ1","Troponin I2, fast skeletal type","proteomics"
"H9H007","H9H007","10-formyltetrahydrofolate dehydrogenase","proteomics"
"H9H036","H9H036","60S ribosomal protein L28","proteomics"
"H9H039","H9H039","ESCRT-II complex subunit VPS25","proteomics"
"H9H043","H9H043","Tetraspanin","proteomics"
"K9K4D8","K9K4D8","Ras homolog family member A","proteomics"
"O46403","O46403","Biglycan","proteomics"
"O46542","O46542","Decorin","proteomics"
"O62841","O62841","Myeloid cathelicidin 2","proteomics"
"P00443","P00443","Superoxide dismutase [Cu-Zn]","proteomics"
"P01958","P01958","Hemoglobin subunit alpha","proteomics"
"P02791","P02791","Ferritin light chain","proteomics"
"P05619","P05619","Leukocyte elastase inhibitor","proteomics"
"P07450","P07450","Carbonic anhydrase 3","proteomics"
"P08906","P08906","Aspartate aminotransferase, cytoplasmic","proteomics"
"P12762","P12762","Aldehyde dehydrogenase, mitochondrial","proteomics"
"P18907","P18907","Sodium/potassium-transporting ATPase subunit alpha-1","proteomics"
"P30441","P30441","Beta-2-microglobulin","proteomics"
"P55832","P55832","40S ribosomal protein S4 (Fragment)","proteomics"
"P62327","P62327","Thymosin beta-4","proteomics"
"Q08IE6","Q08IE6","High mobility group protein B1","proteomics"
"Q257U4","Q257U4","Calcium-transporting ATPase","proteomics"
"Q28369","Q28369","Retinol-binding protein 4","proteomics"
"Q28381","Q28381","Hyaluronan and proteoglycan link protein 1","proteomics"
"Q28397","Q28397","Stromelysin-1","proteomics"
"Q2QLA8","Q2QLA8","F-actin-capping protein subunit alpha-2","proteomics"
"Q2QLB0","Q2QLB0","Caveolin-1","proteomics"
"Q2QLB2","Q2QLB2","Testin","proteomics"
"Q6W8P9","Q6W8P9","Aldo-keto reductase family 1 member C23-like protein","proteomics"
"Q6X9Z5","Q6X9Z5","60S acidic ribosomal protein P2","proteomics"
"Q8HZM6","Q8HZM6","Annexin A1","proteomics"
"Q8MIP0","Q8MIP0","Ferritin heavy chain","proteomics"
"Q8MJV0","Q8MJV0","Myosin-1","proteomics"
"Q8MJV1","Q8MJV1","Myosin-2","proteomics"
"Q9GKX8","Q9GKX8","Heat shock protein HSP 90-beta","proteomics"
"Q9XSZ5","Q9XSZ5","Interstitial collagenase","proteomics"
"eca-let-7a","eca-let-7a","eca-let-7a","miRNA"
"eca-let-7c","eca-let-7c","eca-let-7c","miRNA"
"eca-let-7f","eca-let-7f","eca-let-7f","miRNA"
"eca-miR-100","eca-miR-100","eca-miR-100","miRNA"
"eca-miR-101","eca-miR-101","eca-miR-101","miRNA"
"eca-miR-103","eca-miR-103","eca-miR-103","miRNA"
"eca-miR-107a","eca-miR-107a","eca-miR-107a","miRNA"
"eca-miR-107b","eca-miR-107b","eca-miR-107b","miRNA"
"eca-miR-10b","eca-miR-10b","eca-miR-10b","miRNA"
"eca-miR-125a-5p","eca-miR-125a-5p","eca-miR-125a-5p","miRNA"
"eca-miR-125b-5p","eca-miR-125b-5p","eca-miR-125b-5p","miRNA"
"eca-miR-126-3p","eca-miR-126-3p","eca-miR-126-3p","miRNA"
"eca-miR-126-5p","eca-miR-126-5p","eca-miR-126-5p","miRNA"
"eca-miR-127","eca-miR-127","eca-miR-127","miRNA"
"eca-miR-142-5p","eca-miR-142-5p","eca-miR-142-5p","miRNA"
"eca-miR-143","eca-miR-143","eca-miR-143","miRNA"
"eca-miR-146a","eca-miR-146a","eca-miR-146a","miRNA"
"eca-miR-146b-5p","eca-miR-146b-5p","eca-miR-146b-5p","miRNA"
"eca-miR-148a","eca-miR-148a","eca-miR-148a","miRNA"
"eca-miR-16","eca-miR-16","eca-miR-16","miRNA"
"eca-miR-181a","eca-miR-181a","eca-miR-181a","miRNA"
"eca-miR-181b","eca-miR-181b","eca-miR-181b","miRNA"
"eca-miR-186","eca-miR-186","eca-miR-186","miRNA"
"eca-miR-191a","eca-miR-191a","eca-miR-191a","miRNA"
"eca-miR-192","eca-miR-192","eca-miR-192","miRNA"
"eca-miR-199a-3p","eca-miR-199a-3p","eca-miR-199a-3p","miRNA"
"eca-miR-199a-5p","eca-miR-199a-5p","eca-miR-199a-5p","miRNA"
"eca-miR-199b-3p","eca-miR-199b-3p","eca-miR-199b-3p","miRNA"
"eca-miR-19b","eca-miR-19b","eca-miR-19b","miRNA"
"eca-miR-21","eca-miR-21","eca-miR-21","miRNA"
"eca-miR-22","eca-miR-22","eca-miR-22","miRNA"
"eca-miR-221","eca-miR-221","eca-miR-221","miRNA"
"eca-miR-222","eca-miR-222","eca-miR-222","miRNA"
"eca-miR-23a","eca-miR-23a","eca-miR-23a","miRNA"
"eca-miR-23b","eca-miR-23b","eca-miR-23b","miRNA"
"eca-miR-24","eca-miR-24","eca-miR-24","miRNA"
"eca-miR-25","eca-miR-25","eca-miR-25","miRNA"
"eca-miR-26a","eca-miR-26a","eca-miR-26a","miRNA"
"eca-miR-27a","eca-miR-27a","eca-miR-27a","miRNA"
"eca-miR-27b","eca-miR-27b","eca-miR-27b","miRNA"
"eca-miR-28-3p","eca-miR-28-3p","eca-miR-28-3p","miRNA"
"eca-miR-29a","eca-miR-29a","eca-miR-29a","miRNA"
"eca-miR-30d","eca-miR-30d","eca-miR-30d","miRNA"
"eca-miR-31","eca-miR-31","eca-miR-31","miRNA"
"eca-miR-376c","eca-miR-376c","eca-miR-376c","miRNA"
"eca-miR-423-3p","eca-miR-423-3p","eca-miR-423-3p","miRNA"
"eca-miR-423-5p","eca-miR-423-5p","eca-miR-423-5p","miRNA"
"eca-miR-451","eca-miR-451","eca-miR-451","miRNA"
"eca-miR-486-5p","eca-miR-486-5p","eca-miR-486-5p","miRNA"
"eca-miR-92a","eca-miR-92a","eca-miR-92a","miRNA"
"eca-miR-98","eca-miR-98","eca-miR-98","miRNA"
"eca-miR-99a","eca-miR-99a","eca-miR-99a","miRNA"
"eca-miR-99b","eca-miR-99b","eca-miR-99b","miRNA"
"eca-let-7d","eca-let-7d","eca-let-7d","miRNA"
"eca-let-7e","eca-let-7e","eca-let-7e","miRNA"
"eca-let-7g","eca-let-7g","eca-let-7g","miRNA"
"eca-miR-10a","eca-miR-10a","eca-miR-10a","miRNA"
"eca-miR-151-5p","eca-miR-151-5p","eca-miR-151-5p","miRNA"
"eca-miR-199b-5p","eca-miR-199b-5p","eca-miR-199b-5p","miRNA"
"eca-miR-215","eca-miR-215","eca-miR-215","miRNA"
"eca-miR-223","eca-miR-223","eca-miR-223","miRNA"
"eca-miR-30e","eca-miR-30e","eca-miR-30e","miRNA"
"eca-miR-342-3p","eca-miR-342-3p","eca-miR-342-3p","miRNA"
"eca-miR-378","eca-miR-378","eca-miR-378","miRNA"
"eca-miR-92b","eca-miR-92b","eca-miR-92b","miRNA"
"URS000195BD73_9796","URS000195BD73_9796","Equus caballus (horse) lncRNA (ENSECAG00000039009.2)","lncRNA"
"URS0001961D90_9796","URS0001961D90_9796","Equus caballus (horse) lncRNA (ENSECAG00000027932.2)","lncRNA"
"URS0001955027_9796","URS0001955027_9796","Equus caballus (horse) lncRNA (ENSECAG00000033140.2)","lncRNA"
"URS0000DF6C21_9796","URS0000DF6C21_9796","Equus caballus (horse) lncRNA (ENSECAG00000036244.1)","lncRNA"
"URS0000DFFE33_9796","URS0000DFFE33_9796","Equus caballus (horse) lncRNA (ENSECAG00000030664.1)","lncRNA"
"URS000194BD69_9796","URS000194BD69_9796","Equus caballus (horse) lncRNA (ENSECAG00000038532.2)","lncRNA"
"URS0001955D07_9796","URS0001955D07_9796","Equus caballus (horse) lncRNA (ENSECAG00000032733.2)","lncRNA"
"URS0001958E62_9796","URS0001958E62_9796","Equus caballus (horse) lncRNA (ENSECAG00000035633.2)","lncRNA"
"URS000195CE9E_9796","URS000195CE9E_9796","Equus caballus (horse) lncRNA (ENSECAG00000032733.2)","lncRNA"
"URS0000E02DFA_9796","URS0000E02DFA_9796","Equus caballus (horse) lncRNA (ENSECAG00000030272.1)","lncRNA"
"URS00019532F6_9796","URS00019532F6_9796","Equus caballus (horse) lncRNA (ENSECAG00000039302.2)","lncRNA"
"URS000196A473_9796","URS000196A473_9796","Equus caballus (horse) lncRNA (ENSECAG00000042012.1)","lncRNA"
"URS000195E089_9796","URS000195E089_9796","Equus caballus (horse) lncRNA (ENSECAG00000037059.2)","lncRNA"
"URS0000DF71EC_9796","URS0000DF71EC_9796","Equus caballus (horse) lncRNA (ENSECAG00000038170.2)","lncRNA"
"URS000194B848_9796","URS000194B848_9796","Equus caballus (horse) lncRNA (ENSECAG00000035554.2)","lncRNA"
"URS0001957F9D_9796","URS0001957F9D_9796","Equus caballus (horse) lncRNA (ENSECAG00000041084.1)","lncRNA"
"URS0000E03186_9796","URS0000E03186_9796","Equus caballus (horse) lncRNA (ENSECAG00000037864.1)","lncRNA"
"URS0000DFE19F_9796","URS0000DFE19F_9796","Equus caballus (horse) lncRNA (ENSECAG00000028391.1)","lncRNA"
"URS0001961093_9796","URS0001961093_9796","Equus caballus (horse) lncRNA (ENSECAG00000042005.1)","lncRNA"
"URS000196435D_9796","URS000196435D_9796","Equus caballus (horse) lncRNA (ENSECAG00000042875.1)","lncRNA"
"URS0000E02907_9796","URS0000E02907_9796","Equus caballus (horse) lncRNA (ENSECAG00000028936.2)","lncRNA"
"URS0001953E7B_9796","URS0001953E7B_9796","Equus caballus (horse) lncRNA (ENSECAG00000042240.1)","lncRNA"
"URS0000E043DB_9796","URS0000E043DB_9796","Equus caballus (horse) lncRNA (ENSECAG00000036576.1)","lncRNA"
"URS000194BAC8_9796","URS000194BAC8_9796","Equus caballus (horse) lncRNA (ENSECAG00000032316.2)","lncRNA"
"URS0000DFA992_9796","URS0000DFA992_9796","Equus caballus (horse) lncRNA (ENSECAG00000038563.1)","lncRNA"
"URS00019750FF_9796","URS00019750FF_9796","Equus caballus (horse) lncRNA (ENSECAG00000043564.1)","lncRNA"
"URS0000E0549A_9796","URS0000E0549A_9796","Equus caballus (horse) lncRNA (ENSECAG00000037244.1)","lncRNA"
"URS0000E06203_9796","URS0000E06203_9796","Equus caballus (horse) lncRNA (ENSECAG00000029049.1)","lncRNA"
"URS0000E0407F_9796","URS0000E0407F_9796","Equus caballus (horse) lncRNA (ENSECAG00000038745.1)","lncRNA"
"URS0000DF94B2_9796","URS0000DF94B2_9796","Equus caballus (horse) lncRNA (ENSECAG00000038512.1)","lncRNA"
"URS0000DFCD1F_9796","URS0000DFCD1F_9796","Equus caballus (horse) lncRNA (ENSECAG00000032845.1)","lncRNA"
"URS0000DF7707_9796","URS0000DF7707_9796","Equus caballus (horse) lncRNA (ENSECAG00000034535.1)","lncRNA"
"URS000196C5BF_9796","URS000196C5BF_9796","Equus caballus (horse) lncRNA (ENSECAG00000042885.1)","lncRNA"
"URS0000DFE6CA_9796","URS0000DFE6CA_9796","Equus caballus (horse) lncRNA (ENSECAG00000035752.2)","lncRNA"
"URS0001951658_9796","URS0001951658_9796","Equus caballus (horse) lncRNA (ENSECAG00000033001.2)","lncRNA"
"URS000195A565_9796","URS000195A565_9796","Equus caballus (horse) lncRNA (ENSECAG00000033253.2)","lncRNA"
"URS0000DFFAEA_9796","URS0000DFFAEA_9796","Equus caballus (horse) lncRNA (ENSECAG00000035516.1)","lncRNA"
"URS0001963BDE_9796","URS0001963BDE_9796","Equus caballus (horse) lncRNA (ENSECAG00000041175.1)","lncRNA"
"URS000196D7F4_9796","URS000196D7F4_9796","Equus caballus (horse) lncRNA (ENSECAG00000043566.1)","lncRNA"
"URS0000E04741_9796","URS0000E04741_9796","Equus caballus (horse) lncRNA (ENSECAG00000031512.1)","lncRNA"
"URS0000DFECA1_9796","URS0000DFECA1_9796","Equus caballus (horse) lncRNA (ENSECAG00000030481.1)","lncRNA"
"URS0000DFE09C_9796","URS0000DFE09C_9796","Equus caballus (horse) lncRNA (ENSECAG00000027905.1)","lncRNA"
"URS0000E02FFA_9796","URS0000E02FFA_9796","Equus caballus (horse) lncRNA (ENSECAG00000030497.1)","lncRNA"
"URS0000E00DE5_9796","URS0000E00DE5_9796","Equus caballus (horse) lncRNA (ENSECAG00000031164.1)","lncRNA"
"URS000194BC86_9796","URS000194BC86_9796","Equus caballus (horse) lncRNA (ENSECAG00000033225.2)","lncRNA"
"URS000194BF20_9796","URS000194BF20_9796","Equus caballus (horse) lncRNA (ENSECAG00000042585.1)","lncRNA"
"URS000194E86C_9796","URS000194E86C_9796","Equus caballus (horse) lncRNA (ENSECAG00000042848.1)","lncRNA"
"URS00006230A5_9796","URS00006230A5_9796","Equus caballus (horse) U1 spliceosomal RNA (multiple genes)","snRNA"
"URS0000639EBD_9796","URS0000639EBD_9796","Equus caballus (horse) U2 spliceosomal RNA","snRNA"
"URS000032B6B6_9796","URS000032B6B6_9796","Equus caballus (horse) U1 spliceosomal RNA (ENSECAG00000028137.1, ENSECAG00000036574.1, ENSECAG00000040610.1)","snRNA"
"URS0000537687_9796","URS0000537687_9796","Equus caballus (horse) U1 spliceosomal RNA (ENSECAG00000034457.1)","snRNA"
"URS00006DF8F4_9796","URS00006DF8F4_9796","Equus caballus (horse) U2 spliceosomal RNA (ENSECAG00000034155.1, ENSECAG00000041999.1)","snRNA"
"URS000071F303_9796","URS000071F303_9796","Equus caballus (horse) U2 spliceosomal RNA (ENSECAG00000038095.1)","snRNA"
"URS0000E010B7_9796","URS0000E010B7_9796","Equus caballus (horse) U2 spliceosomal RNA (ENSECAG00000040353.1, ENSECAG00000040846.1)","snRNA"
"URS000072A672_9796","URS000072A672_9796","Equus caballus (horse) U2 spliceosomal RNA (ENSECAG00000026026.2)","snRNA"
"URS0000DF813B_9796","URS0000DF813B_9796","Equus caballus (horse) U2 spliceosomal RNA (ENSECAG00000031550.1)","snRNA"
"URS0000E01060_9796","URS0000E01060_9796","Equus caballus (horse) U2 spliceosomal RNA (ENSECAG00000026009.2)","snRNA"
"URS00006A9748_9796","URS00006A9748_9796","Equus caballus (horse) U2 spliceosomal RNA","snRNA"
"URS0000688B5A_9796","URS0000688B5A_9796","Equus caballus (horse) U2 spliceosomal RNA (ENSECAG00000036209.1)","snRNA"
"URS0000676680_9796","URS0000676680_9796","Equus caballus (horse) U1 spliceosomal RNA (ENSECAG00000031369.1)","snRNA"
"URS00006EC639_9796","URS00006EC639_9796","Equus caballus (horse) U1 spliceosomal RNA","snRNA"
"URS00006C1AE0_9796","URS00006C1AE0_9796","Equus caballus (horse) U1 spliceosomal RNA","snRNA"
"URS0000E01142_9796","URS0000E01142_9796","Equus caballus (horse) U2 spliceosomal RNA (ENSECAG00000037629.1)","snRNA"
"URS000194E912_9796","URS000194E912_9796","Equus caballus (horse) snoRNA (ENSECAG00000042736.1)","snoRNA"
"URS00006ACE58_9796","URS00006ACE58_9796","Equus caballus (horse) Small nucleolar RNA SNORD58 (ENSECAG00000026597.2)","snoRNA"
"URS000068B4BE_9796","URS000068B4BE_9796","Equus caballus (horse) Small nucleolar RNA U3","snoRNA"
